keyword	volume	cpc	sd	table_rank
percent off calculator	40500	2.92	36	1
date calculator	673000	2.18	51	2
mortgage calculator	2740000	2.17	63	3
time card calculator	201000	5.57	49	4
cd calculator	165000	5.01	28	5
home equity loan calculator	74000	12.63	51	6
loan interest calculator	27100	4.05	56	7
concrete calculator	550000	2.51	45	8,14
days between dates calculator	33100	0.02	51	9
square footage calculator	201000	0.54	33	10
calorie calculator	1000000	1.25	73	11
quadratic formula calculator	49500	0.56	56	12
retirement calculator	368000	3.47	64	13,35
roth ira calculator	135000	2.77	45	15
odds calculator	49500	11.48	47	16
gravel calculator	60500	2.58	21	17
car loan calculator	550000	1.79	59	18,29
kg to lbs	1220000	0.08	23	19
log calculator	14800	0.87	28	20
hours calculator	368000	5.23	55	21
gpa calculator	823000	4.74	46	22
salary calculator	301000	6.24	52	23
gold calculator	74000	3.79	42	25
529 calculator	14800	2.18	39	26
scientific calculator	550000	0.51	44	27
days calculator	74000	0.06	60	28
compound interest calculator	823000	1.86	66	30
overtime calculator	22200	5.83	22	31
sleep calculator	135000	3.97	60	33
hourly to salary calculator	49500	1.13	56	34,79
exponent calculator	22200	1.17	52	36
gas calculator	33100	4.70	50	37
refinance calculator	49500	4.42	66	38
ovulation calculator	246000	1.85	54	41
paycheck calculator	673000	14.01	56	42
birthday calculator	33100	0.27	51	43
algebra calculator	90500	1.06	60	44
usd to cad	450000	0.22	65	45
tdee calculator	550000	0.76	50	46
401k calculator	165000	1.66	32	49
time duration calculator	135000	0.00	34	52
percentage calculator	550000	2.67	51	57
inflation calculator	550000	3.03	67	58
love calculator	74000	4.05	38	59
loan calculator	673000	3.68	58	60,82,84
net worth calculator	22200	1.76	58	61
macro calculator	90500	0.75	42	62
age calculator	673000	0.12	58	66
how much house can i afford calculator	33100	2.87	61	67,75
one rep max calculator	90500	1.43	39	68
unemployment calculator	3600	2.90	61	69
401k withdrawal calculator	9900	3.37	46	71
tip calculator	450000	0.83	51	73
statistics calculator	74000	2.86	52	76
euro to dollar	1000000	0.41	57	78
usps postage calculator	49500	0.18	54	80
investment calculator	450000	2.13	63	81
calorie deficit calculator	301000	0.74	61	83
zodiac sign calculator	8100	0.78	53	85
tax calculator	246000	3.21	59	89
inches to feet	246000	0.01	28	92
bmi calculator	2740000	0.74	69	93
unit converter	110000	0.33	66	97
volume calculator	90500	0.92	55	99
z score calculator	12100	0.00	22	100
bmr calculator	165000	0.38	66	101
budget calculator	22200	5.29	59	56,103
hourly pay calculator	8100	2.23	16	34
home equity calculator	9900	9.13	50	6
due date calculator	301000	0.36	60	new
amortization calculator	301000	1.89	53	new
fraction calculator	368000	1.65	51	new
mulch calculator	60500	0.48	26	new
cubic yard calculator	40500	0.52	24	new
paint calculator	49500	1.20	41	new
tile calculator	14800	2.79	32	new
roofing calculator	18100	13.83	34	new
time calculator	673000	4.36	57	new
military time converter	74000	0.11	21	new
work hours calculator	135000	2.89	49	new
drywall calculator	18100	0.93	29	new
board foot calculator	33100	0.11	25	new
