keyword	volume	cpc	sd	direction
cm to inches	1220000	0.35	30	conversions
celsius to fahrenheit	1220000	0.84	29	conversions
kg to lbs	1220000	0.08	23	conversions
how many ounces in a pound	673000	0.00	34	conversions (quick answer)
oz to ml	165000	0.02	23	conversions (kitchen)
ounces to pounds	74000	0.00	35	conversions
inches to feet	246000	0.01	28	conversions
libras a kilos (es)	135000	0.01	20	conversions (es)
5'7 in cm	90500	0.00	41	value pages (height)
how many weeks in a year	823000	0.00	29	date quick answer
what is today's date	368000	1.38	38	date quick answer
90 days from today	246000	0.00	21	date value pages
60 days from today	201000	0.00	12	date value pages
days until christmas	90500	0.00	31	countdowns (seasonal, peak 368k in Nov)
random number generator	1500000	1.82	67	generators
spin the wheel	1000000	0.08	59	generators
dice roller	450000	0.80	59	generators
texas paycheck calculator	60500	11.41	34	state pages
california paycheck calculator	49500	19.70	50	state pages
florida paycheck calculator	27100	21.60	24	state pages
ohio paycheck calculator	18100	6.17	26	state pages
california sales tax calculator	6600	5.45	62	state pages
california overtime calculator	1600	7.50	37	state pages
volume of a cylinder	110000	0.00	38	geometry
pythagorean theorem calculator	40500	1.57	25	geometry
roman numerals converter	33100	0.00	22	school math
margin calculator	110000	8.32	41	business
sales tax calculator	110000	9.63	58	business
tire size calculator	135000	3.51	62	auto
dog age calculator	60500	0.32	40	pets
