keyword_es	volume_us	cpc	sd	english_equivalent	english_volume
calculadora de hipoteca	480	1.87	26	mortgage calculator	2740000
calculadora de porcentaje	1600	1.00	46	percentage calculator	550000
calculadora de fechas	1600	0.00	26	date calculator	673000
calculadora de préstamos	1300	2.37	19	loan calculator	673000
calculadora de horas	22200	0.00	19	hours calculator	368000
calculadora de embarazo	6600	1.51	18	due date calculator	301000
calculadora de calorias	1600	0.97	31	calorie calculator	1000000
calculadora de imc	720	0.65	17	bmi calculator	2740000
calculadora de edad	0	0.00	12	age calculator	673000
calculadora de interes compuesto	4400	2.37	31	compound interest calculator	823000
calculadora de ovulacion	1600	1.30	28	ovulation calculator	246000
calculadora de pies cuadrados	170	0.00	6	square footage calculator	201000
calculadora de cemento	590	1.17	16	concrete calculator	550000
calculadora de horas trabajadas	5400	1.88	7	time card calculator	201000
calculadora de propinas	50	0.00	13	tip calculator	450000
calculadora de salario	210	0.00	13	salary calculator	301000
calculadora de descuentos	1000	0.00	13	percent off calculator	40500
calculadora de carro	90	1.64	25	car loan calculator	550000
calculadora	823000	0.58	61	calculator (basic)	n/a
libras a kilos	135000	0.01	20	kg to lbs	1220000
pulgadas a centimetros	90500	0.00	40	inches to cm	n/a
pies a metros	49500	0.00	19	feet to meters	n/a
fahrenheit a celsius	12100	0.01	32	fahrenheit to celsius	n/a
millas a kilometros	12100	0.00	16	miles to km	n/a
dolar a peso mexicano	368000	4.82	30	usd to mxn	n/a
