keyword,lang,volume,cpc,sd
mortgage calculator,en,2740000,2.17,63
bmi calculator,en,2740000,0.74,69
random number generator,en,1500000,1.82,67
kg to lbs,en,1220000,0.08,23
celsius to fahrenheit,en,1220000,0.84,29
cm to inches,en,1220000,0.35,30
calorie calculator,en,1000000,1.245,73
euro to dollar,en,1000000,0.41,57
spin the wheel,en,1000000,0.08,59
gpa calculator,en,823000,4.74,46
compound interest calculator,en,823000,1.86,66
calculadora,es,823000,0.575,61
how many weeks in a year,en,823000,0,29
date calculator,en,673000,2.18,51
paycheck calculator,en,673000,14.01,56
loan calculator,en,673000,3.68,58
age calculator,en,673000,0.12,58
time calculator,en,673000,4.36,57
how many ounces in a pound,en,673000,0,34
concrete calculator,en,550000,2.51,45
car loan calculator,en,550000,1.79,59
scientific calculator,en,550000,0.51,44
tdee calculator,en,550000,0.755,50
percentage calculator,en,550000,2.67,51
inflation calculator,en,550000,3.03,67
usd to cad,en,450000,0.22,65
tip calculator,en,450000,0.83,51
investment calculator,en,450000,2.13,63
dice roller,en,450000,0.8,59
retirement calculator,en,368000,3.47,64
hours calculator,en,368000,5.23,55
fraction calculator,en,368000,1.65,51
dolar a peso mexicano,es,368000,4.82,30
what is today's date,en,368000,1.38,38
salary calculator,en,301000,6.24,52
calorie deficit calculator,en,301000,0.74,61
due date calculator,en,301000,0.36,60
amortization calculator,en,301000,1.89,53
ovulation calculator,en,246000,1.845,54
tax calculator,en,246000,3.21,59
inches to feet,en,246000,0.01,28
90 days from today,en,246000,0,21
time card calculator,en,201000,5.57,49
square footage calculator,en,201000,0.54,33
60 days from today,en,201000,0,12
cd calculator,en,165000,5.01,28
401k calculator,en,165000,1.66,32
bmr calculator,en,165000,0.38,66
oz to ml,en,165000,0.02,23
roth ira calculator,en,135000,2.77,45
sleep calculator,en,135000,3.97,60
time duration calculator,en,135000,0,34
libras a kilos,es,135000,0.01,20
work hours calculator,en,135000,2.89,49
tire size calculator,en,135000,3.51,62
unit converter,en,110000,0.33,66
sales tax calculator,en,110000,9.63,58
margin calculator,en,110000,8.32,41
volume of a cylinder,en,110000,0,38
algebra calculator,en,90500,1.06,60
macro calculator,en,90500,0.75,42
one rep max calculator,en,90500,1.43,39
volume calculator,en,90500,0.92,55
pulgadas a centimetros,es,90500,0,40
days until christmas,en,90500,0,31
5'7 in cm,en,90500,0,41
home equity loan calculator,en,74000,12.63,51
gold calculator,en,74000,3.79,42
days calculator,en,74000,0.06,60
love calculator,en,74000,4.05,38
statistics calculator,en,74000,2.86,52
military time converter,en,74000,0.11,21
ounces to pounds,en,74000,0,35
gravel calculator,en,60500,2.58,21
mulch calculator,en,60500,0.48,26
dog age calculator,en,60500,0.32,40
texas paycheck calculator,en,60500,11.41,34
quadratic formula calculator,en,49500,0.56,56
odds calculator,en,49500,11.48,47
hourly to salary calculator,en,49500,1.13,56
refinance calculator,en,49500,4.415,66
usps postage calculator,en,49500,0.18,54
pies a metros,es,49500,0,19
paint calculator,en,49500,1.2,41
california paycheck calculator,en,49500,19.7,50
percent off calculator,en,40500,2.92,36
cubic yard calculator,en,40500,0.52,24
pythagorean theorem calculator,en,40500,1.57,25
days between dates calculator,en,33100,0.02,51
gas calculator,en,33100,4.7,50
birthday calculator,en,33100,0.27,51
how much house can i afford calculator,en,33100,2.87,61
board foot calculator,en,33100,0.11,25
roman numerals converter,en,33100,0,22
loan interest calculator,en,27100,4.05,56
florida paycheck calculator,en,27100,21.6,24
overtime calculator,en,22200,5.83,22
exponent calculator,en,22200,1.165,52
net worth calculator,en,22200,1.76,58
budget calculator,en,22200,5.29,59
calculadora de horas,es,22200,0,19
roofing calculator,en,18100,13.83,34
drywall calculator,en,18100,0.93,29
ohio paycheck calculator,en,18100,6.17,26
log calculator,en,14800,0.87,28
529 calculator,en,14800,2.18,39
tile calculator,en,14800,2.79,32
z score calculator,en,12100,0,22
fahrenheit a celsius,es,12100,0.01,32
millas a kilometros,es,12100,0,16
401k withdrawal calculator,en,9900,3.37,46
home equity calculator,en,9900,9.13,50
zodiac sign calculator,en,8100,0.78,53
hourly pay calculator,en,8100,2.225,16
calculadora de embarazo,es,6600,1.51,18
california sales tax calculator,en,6600,5.45,62
calculadora de horas trabajadas,es,5400,1.88,7
calculadora de interes compuesto,es,4400,2.37,31
unemployment calculator,en,3600,2.9,61
calculadora de porcentaje,es,1600,1,46
calculadora de fechas,es,1600,0,26
calculadora de calorias,es,1600,0.97,31
calculadora de ovulacion,es,1600,1.3,28
california overtime calculator,en,1600,7.5,37
calculadora de préstamos,es,1300,2.37,19
calculadora de descuentos,es,1000,0,13
calculadora de imc,es,720,0.65,17
calculadora de cemento,es,590,1.17,16
calculadora de hipoteca,es,480,1.865,26
calculadora de salario,es,210,0,13
calculadora de pies cuadrados,es,170,0,6
calculadora de carro,es,90,1.64,25
calculadora de propinas,es,50,0,13
calculadora de edad,es,0,0,12
grade calculator,en,0,0,14
