keyword,lang,position,domain,da,clicks,url
401k calculator,en,1,calculator.net,74,45612,http://www.calculator.net/401k-calculator.html
401k calculator,en,2,nerdwallet.com,88,17665,http://www.nerdwallet.com/retirement/calculators/401k-calculator
401k calculator,en,4,bonvenubank.com,33,11684,http://www.bonvenubank.com/financial-calculators/retirement-calculators/401-k-calculator
401k calculator,en,5,lincolninvestment.com,38,348,http://www.lincolninvestment.com/FinancialCalculators/401k
401k calculator,en,6,aarp.org,88,772,http://www.aarp.org/money/retirement/401k-calculator/
401k calculator,en,7,web5.com,29,590,http://www.web5.com/learning-center/education/calculators/401k-calculator
401k calculator,en,8,fidelity.com,82,533,http://www.fidelity.com/calculators-tools/retirement-calculator/overview
401k calculator,en,9,ameriprise.com,60,251,http://www.ameriprise.com/financial-news-research/financial-calculators/retirement-savings-calculator
401k calculator,en,10,myplan.johnhancock.com,59,168,http://myplan.johnhancock.com/us/en/calculators/401k-vs-roth-calculator
401k calculator,en,11,citizensbank.com,71,68,http://www.citizensbank.com/investing-and-wealth-management/products-services-and-calculators/financial-calculators/roth-401k-vs-traditional-401k-calculator.aspx
529 calculator,en,1,mecu.com,31,4946,http://www.mecu.com/resources/calculate/savings-calculators/college-savings-calculator
529 calculator,en,4,robinsfcu.org,38,1251,http://robinsfcu.org/college-savings-calculator
529 calculator,en,5,annuityexpertadvice.com,44,835,http://www.annuityexpertadvice.com/calculator/savings/college/
529 calculator,en,6,praxiscalc.com,4,401,http://praxiscalc.com/calculators/college_529_calculator.html
529 calculator,en,7,toolzie.ca,1,280,http://toolzie.ca/college_savings_calculator/
529 calculator,en,8,financialcalculator.io,4,162,http://financialcalculator.io/us/529-calculator
529 calculator,en,9,my529.org,49,120,http://my529.org/wp-content/calculator/static/
529 calculator,en,10,statecalc.com,16,112,http://statecalc.com/college-savings/new-york-529-college-savings-calculator/
529 calculator,en,11,bogleheads.org,61,97,http://bogleheads.org/forum/viewtopic.php?t=331663
529 calculator,en,12,reddit.com,92,60,http://www.reddit.com/r/personalfinance/comments/381t0w/529_college_savings_calculator_question_are_they/
60 days from today,en,3,widgetly.co,8,58547,http://www.widgetly.co/time/60-days-from-today
60 days from today,en,4,inchcalculator.com,57,17396,http://www.inchcalculator.com/days-from/60-days-from-today/
60 days from today,en,5,thecalculatorsite.com,58,11519,http://www.thecalculatorsite.com/time/days/60
60 days from today,en,6,symbolab.com,61,187,http://www.symbolab.com/calculator/time-date/days-until/60-days-from-today
60 days from today,en,7,failflow.com,23,1273,http://failflow.com/daysuntil/60-days-from-today
60 days from today,en,9,timeanddate.com,91,1089,http://www.timeanddate.com/date/dateadd.html
60 days from today,en,10,convertunits.com,59,1035,http://www.convertunits.com/dates/daysfromnow/60
60 days from today,en,11,blocky.so,10,745,http://www.blocky.so/tools/days/60
60 days from today,en,12,logmyhours.com,22,256,http://logmyhours.com/date-duration-calculator/60-days-from-today
60 days from today,en,14,wikidates.org,38,154,http://www.wikidates.org/calculate/60-days-from-today.html
age calculator,en,1,calculator.net,74,268886,http://www.calculator.net/age-calculator.html
age calculator,en,2,economictimes.indiatimes.com,94,128605,http://economictimes.indiatimes.com/news/age-calculator
age calculator,en,3,play.google.com,99,86687,http://play.google.com/store/apps/details?hl=en_US&id=com.happyverse.agecalculator
age calculator,en,4,calculatorsoup.com,60,21664,http://www.calculatorsoup.com/calculators/time/age-calculator.php
age calculator,en,5,instagram.com,94,2426,http://www.instagram.com/reel/DZ2sUniJgNI/?hl=en
age calculator,en,6,pearsonassessments.com,66,2305,http://www.pearsonassessments.com/campaign/age-calculator.html
age calculator,en,7,calculatestuff.com,40,2244,http://www.calculatestuff.com/miscellaneous/age-calculator
age calculator,en,8,omnicalculator.com,68,2786,http://www.omnicalculator.com/everyday-life/age
age calculator,en,9,timeanddate.com,91,4982,http://www.timeanddate.com/date/birthday.html
age calculator,en,10,facebook.com,96,5133,http://www.facebook.com/sasolutionspk/videos/easily-find-out-your-age-with-our-free-age-calculator-tool-whether-you-need-it-f/527533786904245/
algebra calculator,en,1,mathpapa.com,51,26166,http://www.mathpapa.com/algebra-calculator.html
algebra calculator,en,2,symbolab.com,61,11382,http://www.symbolab.com/solver/algebra-calculator
algebra calculator,en,3,mathway.com,74,5425,http://www.mathway.com/
algebra calculator,en,4,softmath.com,36,925,http://softmath.com/algebra-software-2/advanced-algebra-calculator.html
algebra calculator,en,5,youtube.com,100,827,http://www.youtube.com/watch?v=58SWDrAEURc
algebra calculator,en,6,play.google.com,99,579,http://play.google.com/store/apps/details?hl=en_US&id=com.priantos.equationcalculator
algebra calculator,en,7,quickmath.com,45,525,http://www.quickmath.com/
algebra calculator,en,8,algebra-class.com,37,266,http://www.algebra-class.com/free-algebra-calculator.html
algebra calculator,en,12,algebra-class.com,37,303,http://www.algebra-class.com/free-algebra-calculator.html
algebra calculator,en,13,mathpapa.com,51,185,http://www.mathpapa.com/
amortization calculator,en,1,calculator.net,74,139236,http://www.calculator.net/amortization-calculator.html
amortization calculator,en,2,amortization-calc.com,46,70999,http://www.amortization-calc.com/
amortization calculator,en,3,bankrate.com,82,64848,http://www.bankrate.com/mortgages/amortization-calculator/
amortization calculator,en,4,unitedbank.com,38,1096,http://www.unitedbank.com/calculator/simple-loan
amortization calculator,en,5,finred.usalearning.gov,51,914,http://finred.usalearning.gov/ToolsAndAddRes/Calculators/Loan
amortization calculator,en,6,transunion.com,72,952,http://www.transunion.com/tools/amortization-calculator
amortization calculator,en,7,play.google.com,99,977,http://play.google.com/store/apps/details?hl=en_US&id=com.redtrackr.loanamortizationcalc
amortization calculator,en,8,lcef.org,37,699,http://lcef.org/calculators/SimpleLoan.html
amortization calculator,en,9,bretwhissel.net,36,203,http://bretwhissel.net/amortization/
amortization calculator,en,10,oakstarbank.com,31,336,http://www.oakstarbank.com/calculator/mortgage-loan
birthday calculator,en,1,calculator.net,74,8159,http://www.calculator.net/age-calculator.html
birthday calculator,en,2,calculatestuff.com,40,1686,http://www.calculatestuff.com/miscellaneous/age-calculator
birthday calculator,en,3,play.google.com,99,1907,http://play.google.com/store/apps/details?hl=en_US&id=com.code1.agecalculator
birthday calculator,en,4,www-users.med.cornell.edu,93,791,http://www-users.med.cornell.edu/~spon/picu/agecalc.html
birthday calculator,en,5,economictimes.indiatimes.com,94,517,http://economictimes.indiatimes.com/news/age-calculator
birthday calculator,en,6,pearsonassessments.com,66,219,http://www.pearsonassessments.com/campaign/age-calculator.html
birthday calculator,en,7,searchforancestors.com,44,170,http://www.searchforancestors.com/utility/birthday.html
birthday calculator,en,8,calculatorsoup.com,60,143,http://www.calculatorsoup.com/calculators/time/age-calculator.php
birthday calculator,en,9,timeanddate.com,91,122,http://www.timeanddate.com/date/birthday.html
birthday calculator,en,12,omnicalculator.com,68,65,http://www.omnicalculator.com/everyday-life/date-of-birth
bmi calculator,en,1,nhlbi.nih.gov,95,639277,http://www.nhlbi.nih.gov/calculate-your-bmi
bmi calculator,en,3,calculator.net,74,447414,http://www.calculator.net/bmi-calculator.html
bmi calculator,en,5,cdc.gov,94,405496,http://www.cdc.gov/bmi/adult-calculator/index.html
bmi calculator,en,6,cancer.org,91,340504,http://www.cancer.org/cancer/risk-prevention/diet-physical-activity/body-weight-and-cancer-risk/body-mass-index-bmi-calculator.html
bmi calculator,en,7,health.harvard.edu,93,940,http://www.health.harvard.edu/bmi-calculator
bmi calculator,en,8,aarp.org,88,758,http://www.aarp.org/health/healthy-living/bmi-calculator/
bmi calculator,en,9,axismaxlife.com,46,695,http://www.axismaxlife.com/insurance-calculators/bmi-calculator
bmi calculator,en,10,ifso.com,41,308,http://www.ifso.com/body-mass-index/
bmi calculator,en,11,play.google.com,99,196,http://play.google.com/store/apps/details?hl=en_US&id=com.appovo.bmicalculator
bmi calculator,en,13,pbrc.edu,64,249,http://www.pbrc.edu/research-trials/BMI-Calculator.aspx
bmr calculator,en,1,calculator.net,74,45612,http://www.calculator.net/bmr-calculator.html
bmr calculator,en,2,garnethealth.org,47,17665,http://www.garnethealth.org/news/basal-metabolic-rate-calculator
bmr calculator,en,3,myfitnesspal.com,86,11684,http://www.myfitnesspal.com/tools/bmr-calculator
bmr calculator,en,5,cise.ufl.edu,91,348,http://www.cise.ufl.edu/~kcen/cis4930/assign2/index.html
bmr calculator,en,6,aviva.co.uk,65,772,http://www.aviva.co.uk/health/health-products/health-insurance/bmr-calculator/
bmr calculator,en,7,healthline.com,91,590,http://www.healthline.com/health/how-to-calculate-your-basal-metabolic-rate
bmr calculator,en,8,my.clevelandclinic.org,89,533,http://my.clevelandclinic.org/health/body/basal-metabolic-rate-bmr
bmr calculator,en,9,bmi-calculator.net,54,251,http://www.bmi-calculator.net/bmr-calculator/
bmr calculator,en,10,pearson.com,85,168,http://www.pearson.com/channels/calculators/bmr-calculator
bmr calculator,en,11,omnicalculator.com,68,68,http://www.omnicalculator.com/health/bmr-harris-benedict-equation
calculadora de embarazo,es,1,clinicaalemana.cl,55,3036,http://www.clinicaalemana.cl/especialidades/maternidad-y-familia/maternidad-integral/semanas-del-embarazo/calculadora-de-semanas-de-embarazo
calculadora de embarazo,es,2,espanol.babycenter.com,91,542,http://espanol.babycenter.com/calculadora-de-la-fecha-de-parto
calculadora de embarazo,es,3,flo.health,67,320,http://flo.health/es/herramientas/calculadora-de-embarazo
calculadora de embarazo,es,4,firstresponse.com,56,341,http://www.firstresponse.com/es/online-tools/how-far-along-am-i
calculadora de embarazo,es,5,pampers-es.com,29,84,http://www.pampers-es.com/es-us/embarazo/calcula-la-fecha-de-tu-parto
calculadora de embarazo,es,6,natalben.com,54,51,http://www.natalben.com/calculadora-semanas-embarazo
calculadora de embarazo,es,7,clinicauandes.cl,45,41,http://www.clinicauandes.cl/maternidad/calculadora-fur
calculadora de embarazo,es,8,americanpregnancy.org,80,45,http://americanpregnancy.org/es/resources/pregnancy-calculator-2/
calculadora de embarazo,es,9,reinamadre.mx,30,44,http://reinamadre.mx/calculadora-de-embarazo-2/
calculadora de embarazo,es,10,blogdelbebe.com,38,24,http://blogdelbebe.com/embarazo/calculadora/
calculadora de horas,es,1,calculatehours.com,36,7925,http://www.calculatehours.com/es/calculadora-tarjeta-registro-horario.html
calculadora de horas,es,2,play.google.com,99,2038,http://play.google.com/store/apps/details?hl=es_US&id=activ.calculadoradetiempos
calculadora de horas,es,3,getharvest.com,62,2260,http://www.getharvest.com/es/calculators/weekly-hours-calculator
calculadora de horas,es,4,calculatodo.com,30,722,http://calculatodo.com/calculadora-horas-minutos
calculadora de horas,es,5,topster.es,25,294,http://www.topster.es/calendario/stundenrechner.php
calculadora de horas,es,6,calculatehours.com,36,96,http://www.calculatehours.com/es/m/calculadora-tiempo.html
calculadora de horas,es,7,jibble.io,42,104,http://www.jibble.io/es/calculadora-horas-trabajadas
calculadora de horas,es,8,sonodaponto.com.br,12,104,http://sonodaponto.com.br/app/calculadoradehoras/
calculadora de horas,es,9,horasdetrabajo.net,3,82,http://horasdetrabajo.net/
calculadora de horas,es,10,omnicalculator.com,68,20,http://www.omnicalculator.com/es/vida-cotidiana/tiempo
calculator,en,1,calculator.net,74,639202,http://www.calculator.net/
calculator,en,2,desmos.com,77,447414,http://www.desmos.com/scientific
calculator,en,4,theonlinecalculator.com,19,405496,http://www.theonlinecalculator.com/
calculator,en,5,play.google.com,99,340474,http://play.google.com/store/apps/details?hl=en_US&id=com.google.android.calculator
calculator,en,6,apps.apple.com,99,909,http://apps.apple.com/us/app/calculator/id398129933
calculator,en,7,en.wikipedia.org,98,789,http://en.wikipedia.org/wiki/Calculator
calculator,en,8,calculator.apps.chrome,52,727,http://calculator.apps.chrome/
calculator,en,9,amazon.com,95,328,http://www.amazon.com/calculator/s?k=calculator
calculator,en,11,victortech.com,34,216,http://victortech.com/collections/calculators
calculator,en,13,calculator.com,46,250,http://calculator.com/
calorie calculator,en,1,calculator.net,74,427798,http://www.calculator.net/calorie-calculator.html
calorie calculator,en,2,mayoclinic.org,92,243414,http://www.mayoclinic.org/healthy-lifestyle/weight-loss/in-depth/calorie-calculator/itt-20402304
calorie calculator,en,3,nasm.org,69,201496,http://www.nasm.org/resources/calorie-calculator
calorie calculator,en,4,eatthismuch.com,65,136473,http://www.eatthismuch.com/calculator
calorie calculator,en,5,cancer.org,91,2141,http://www.cancer.org/cancer/risk-prevention/diet-physical-activity/eat-healthy/calorie-counter-calculator.html
calorie calculator,en,6,forbes.com,94,2020,http://www.forbes.com/health/nutrition/calorie-calculator/
calorie calculator,en,7,fatcalc.com,31,1959,http://www.fatcalc.com/bwp
calorie calculator,en,8,facebook.com,96,2501,http://www.facebook.com/houstonmethodist/videos/how-do-you-calculate-your-daily-calorie-needs-try-a-calorie-calculator-called-th/736313519513178/
calorie calculator,en,9,webmd.com,94,4697,http://www.webmd.com/diet/healthtool-food-calorie-counter
calorie calculator,en,10,niddk.nih.gov,95,4848,http://www.niddk.nih.gov/health-information/weight-management/body-weight-planner
calorie deficit calculator,en,1,calculator.net,74,145662,http://www.calculator.net/calorie-calculator.html
calorie deficit calculator,en,2,fatcalc.com,31,71385,http://www.fatcalc.com/rwl
calorie deficit calculator,en,3,mayoclinic.org,92,65430,http://www.mayoclinic.org/healthy-lifestyle/weight-loss/in-depth/calorie-calculator/itt-20402304
calorie deficit calculator,en,5,forbes.com,94,457,http://www.forbes.com/health/nutrition/calorie-calculator/
calorie deficit calculator,en,6,niddk.nih.gov,95,1247,http://www.niddk.nih.gov/health-information/weight-management/body-weight-planner
calorie deficit calculator,en,7,pbrc.edu,64,1063,http://www.pbrc.edu/research-and-faculty/calculators/weight-loss-predictor/index.aspx
calorie deficit calculator,en,9,cancer.org,91,1006,http://www.cancer.org/cancer/risk-prevention/diet-physical-activity/eat-healthy/calorie-counter-calculator.html
calorie deficit calculator,en,10,coachway.io,12,699,http://coachway.io/tools/calorie-deficit-calculator/
calorie deficit calculator,en,11,precisionnutrition.com,72,202,http://www.precisionnutrition.com/weight-loss-calculator/
calorie deficit calculator,en,13,tdeecalculator.net,50,334,http://tdeecalculator.net/
car loan calculator,en,1,calculator.net,74,268962,http://www.calculator.net/auto-loan-calculator.html
car loan calculator,en,2,cars.com,84,128680,http://www.cars.com/car-loan-calculator/
car loan calculator,en,3,bankrate.com,82,86762,http://www.bankrate.com/loans/auto-loans/auto-loan-calculator/
car loan calculator,en,4,bankofamerica.com,86,21740,http://www.bankofamerica.com/auto-loans/auto-loan-calculator/
car loan calculator,en,5,navyfederal.org,63,2426,http://www.navyfederal.org/makingcents/tools/car-loan-calculator.html
car loan calculator,en,6,edmunds.com,85,2305,http://www.edmunds.com/calculators/simplified-pricing.html
car loan calculator,en,7,cars.usnews.com,92,2244,http://cars.usnews.com/cars-trucks/car-loans-and-leasing/car-payment-calculator
car loan calculator,en,8,umcu.org,38,2786,http://www.umcu.org/learn/resources/calculators/vehicle-payment-calculator
car loan calculator,en,9,mymechanics.com,28,4982,http://www.mymechanics.com/calc/AutoLoan.html
car loan calculator,en,10,sikorskycu.org,32,5133,http://www.sikorskycu.org/resources/financial-calculators/auto-loan-calculator
cd calculator,en,1,bankrate.com,82,49227,http://www.bankrate.com/banking/cds/cd-calculator/
cd calculator,en,2,calculator.net,74,17667,http://www.calculator.net/cd-calculator.html
cd calculator,en,3,fm.bank,37,11687,http://www.fm.bank/financial-education/calculators/cd-calculator
cd calculator,en,4,marcus.com,58,283,http://www.marcus.com/us/en/financial-calculators/high-yield-cd-calculator
cd calculator,en,5,huntington.com,62,705,http://www.huntington.com/Personal/Calculators-Educators/savings-calculators/cd-maturity
cd calculator,en,6,cit.com,59,584,http://www.cit.com/cit-bank/resources/calculators/certificate-of-deposit-calculator
cd calculator,en,7,bannerbank.com,47,528,http://www.bannerbank.com/financial-resources/financial-calculators/certificate-of-deposit-calculator
cd calculator,en,8,bankrate.com,82,270,http://www.bankrate.com/banking/cds/cd-rates/
cd calculator,en,9,bankofamerica.com,86,188,http://www.bankofamerica.com/deposits/bank-cds/cd-accounts/
cd calculator,en,10,nerdwallet.com,88,69,http://www.nerdwallet.com/banking/calculators/cd-calculator
celsius to fahrenheit,en,2,nfcacademy.com,32,639277,http://www.nfcacademy.com/wp-content/uploads/1/2/8/6/12864732/celsius-to-fahrenheit-conversion-chart-5s.pdf
celsius to fahrenheit,en,3,calculatorsoup.com,60,447414,http://www.calculatorsoup.com/calculators/conversions/celsius-to-fahrenheit.php
celsius to fahrenheit,en,4,youtube.com,100,405496,http://www.youtube.com/shorts/XIbRWXJBOQw
celsius to fahrenheit,en,6,canada.newark.com,63,340504,http://canada.newark.com/temperature-converter
celsius to fahrenheit,en,7,weather.dfrc.nasa.gov,94,2171,http://weather.dfrc.nasa.gov/data/ctof.pdf
celsius to fahrenheit,en,8,beamex.com,39,1990,http://www.beamex.com/us/resources/temperature-unit-converter/
celsius to fahrenheit,en,9,youtube.com,100,1926,http://www.youtube.com/watch?v=mPX8ks5f4eA
celsius to fahrenheit,en,10,fr.farnell.com,68,2482,http://fr.farnell.com/en-FR/convertisseur-temperature
celsius to fahrenheit,en,11,expii.com,49,4677,http://www.expii.com/t/celsius-to-fahrenheit-c-to-f-conversion-practice-9109
celsius to fahrenheit,en,13,worldometers.info,83,4847,http://www.worldometers.info/converters/temperature/celsius-to-fahrenheit/
compound interest calculator,en,1,investor.gov,76,268962,http://www.investor.gov/financial-tools-calculators/calculators/compound-interest-calculator
compound interest calculator,en,2,nerdwallet.com,88,128680,http://www.nerdwallet.com/banking/calculators/compound-interest-calculator
compound interest calculator,en,3,bankrate.com,82,86762,http://www.bankrate.com/banking/savings/compound-savings-calculator/
compound interest calculator,en,4,moneychimp.com,58,21740,http://www.moneychimp.com/calculator/compound_interest_calculator.htm
compound interest calculator,en,5,bnc.bank,37,2426,http://www.bnc.bank/calculator/compound-interest
compound interest calculator,en,6,getsmarteraboutmoney.ca,49,2305,http://www.getsmarteraboutmoney.ca/calculators/compound-interest-calculator/
compound interest calculator,en,7,lakecitybank.com,38,2244,http://www.lakecitybank.com/tools-calculators/compound-interest-calculator/
compound interest calculator,en,8,personalinvesting.jpmorgan.com,77,2786,http://www.personalinvesting.jpmorgan.com/compound-interest-calculator
compound interest calculator,en,9,thecalculatorsite.com,58,4982,http://www.thecalculatorsite.com/finance/calculators/compoundinterestcalculator.php
compound interest calculator,en,10,mdm.ca,49,5133,http://mdm.ca/learn/compound-growth-calculator
concrete calculator,en,1,calculator.net,74,268812,http://www.calculator.net/concrete-calculator.html
concrete calculator,en,2,quikrete.com,52,128605,http://www.quikrete.com/calculator/main.asp
concrete calculator,en,3,play.google.com,99,86687,http://play.google.com/store/apps/details?hl=en_US&id=com.inchcalculator.concrete_calculator
concrete calculator,en,4,concretenetwork.com,61,21664,http://www.concretenetwork.com/concrete/howmuch/calculator.htm
concrete calculator,en,5,ozinga.com,41,2426,http://ozinga.com/concrete-calculator/
concrete calculator,en,6,sakrete.com,48,2305,http://www.sakrete.com/concrete-calculators/
concrete calculator,en,7,cemexusa.com,45,2244,http://www.cemexusa.com/ready-mix-concrete-calculator
concrete calculator,en,8,invoicefly.com,33,2786,http://invoicefly.com/free-resources/free-calculators/concrete-calculator/
concrete calculator,en,9,concretecalculatorz.com,15,4982,http://concretecalculatorz.com/
concrete calculator,en,10,concretecalculator.tools,12,5133,http://www.concretecalculator.tools/
date calculator,en,1,timeanddate.com,91,268886,http://www.timeanddate.com/date/dateadd.html
date calculator,en,2,calculator.net,74,128605,http://www.calculator.net/date-calculator.html
date calculator,en,3,timeanddate.com,91,86687,http://www.timeanddate.com/date/duration.html
date calculator,en,4,play.google.com,99,21664,http://play.google.com/store/apps/details?hl=en_US&id=com.ng_labs.dateandtime
date calculator,en,5,economictimes.indiatimes.com,94,2426,http://economictimes.indiatimes.com/news/date-calculator
date calculator,en,6,bestcase.com,29,2305,http://www.bestcase.com/date-calculator/
date calculator,en,7,jainuniversity.ac.in,43,2244,http://www.jainuniversity.ac.in/resources/calculator/date-calculator
date calculator,en,8,toolsana.com,5,2786,http://toolsana.com/tools/date-calculator/
date calculator,en,9,calkoo.com,41,4982,http://www.calkoo.com/en/add-or-subtract-dates
date calculator,en,10,shiftflow.app,19,5133,http://www.shiftflow.app/free-tools/free-date-calculator
days between dates calculator,en,1,timeanddate.com,91,8310,http://www.timeanddate.com/date/duration.html
days between dates calculator,en,2,bestcase.com,29,1761,http://www.bestcase.com/days-between-calculator/
days between dates calculator,en,3,calculator.net,74,1986,http://www.calculator.net/date-calculator.html
days between dates calculator,en,4,omnicalculator.com,68,871,http://www.omnicalculator.com/everyday-life/days-between-dates
days between dates calculator,en,5,thecalculatorsite.com,58,471,http://www.thecalculatorsite.com/time/days-between-dates.php
days between dates calculator,en,6,economictimes.indiatimes.com,94,169,http://economictimes.indiatimes.com/news/date-calculator
days between dates calculator,en,7,shiftflow.app,19,120,http://www.shiftflow.app/free-tools/free-date-calculator
days between dates calculator,en,8,easysurf.cc,44,95,http://www.easysurf.cc/ndate2.htm
days between dates calculator,en,9,youtube.com,100,78,http://www.youtube.com/watch?v=bHygMmj1w6s
days between dates calculator,en,10,pearson.com,85,20,http://www.pearson.com/channels/calculators/duration-calculator
due date calculator,en,1,whattoexpect.com,81,145664,http://www.whattoexpect.com/due-date-calculator/
due date calculator,en,2,americanpregnancy.org,80,71387,http://americanpregnancy.org/resources/pregnancy-calculator/
due date calculator,en,3,babycenter.com,91,65433,http://www.babycenter.com/pregnancy-due-date-calculator
due date calculator,en,4,womans.org,43,392,http://www.womans.org/services/pregnancy-childbirth/resources/due-date-calculator
due date calculator,en,6,calculator.net,74,1180,http://www.calculator.net/due-date-calculator.html
due date calculator,en,7,perinatology.com,54,1057,http://perinatology.com/calculators/Due-Date.htm
due date calculator,en,8,pregnancyinfo.ca,41,1001,http://www.pregnancyinfo.ca/your-pregnancy/healthy-pregnancy/due-date-calculator/
due date calculator,en,9,marchofdimes.org,79,719,http://www.marchofdimes.org/calculating-your-due-date
due date calculator,en,10,nhs.uk,58,221,http://www.nhs.uk/pregnancy/finding-out/due-date-calculator/
due date calculator,en,12,mayoclinic.org,92,336,http://www.mayoclinic.org/healthy-lifestyle/getting-pregnant/in-depth/due-date-calculator/itt-20084955
fraction calculator,en,1,calculator.net,74,152646,http://www.calculator.net/fraction-calculator.html
fraction calculator,en,2,play.google.com,99,71312,http://play.google.com/store/apps/details?hl=en_US&id=us.mathlab.android.frac
fraction calculator,en,3,brighterly.com,43,65357,http://brighterly.com/calculator/fraction-calculator/
fraction calculator,en,4,symbolab.com,61,316,http://www.symbolab.com/solver/fractions-calculator
fraction calculator,en,5,dadsworksheets.com,50,1180,http://www.dadsworksheets.com/fraction-calculator.html
fraction calculator,en,6,mathpapa.com,51,1057,http://www.mathpapa.com/fraction-calculator.html
fraction calculator,en,7,youtube.com,100,1001,http://www.youtube.com/shorts/-deqLGPjCfQ
fraction calculator,en,9,play.google.com,99,719,http://play.google.com/store/apps/details?hl=en_US&id=andrei.brusentcov.fractioncalculator.free
fraction calculator,en,10,calculatorsoup.com,60,221,http://www.calculatorsoup.com/calculators/math/mixednumbers.php
fraction calculator,en,12,mometrix.com,52,336,http://www.mometrix.com/academy/fractions-calculator/
gas calculator,en,1,calculator.net,74,8234,http://www.calculator.net/fuel-cost-calculator.html
gas calculator,en,2,fueleconomy.gov,68,1686,http://www.fueleconomy.gov/trip/
gas calculator,en,3,gasprices.aaa.com,86,1911,http://gasprices.aaa.com/aaa-gas-cost-calculator/
gas calculator,en,4,gasbuddy.com,80,796,http://www.gasbuddy.com/tripcostcalculator
gas calculator,en,5,tollguru.com,42,521,http://tollguru.com/gas-calculator
gas calculator,en,6,afdc.energy.gov,89,219,http://afdc.energy.gov/calc/
gas calculator,en,7,carmax.com,64,170,http://www.carmax.com/research/mpg-calculator
gas calculator,en,8,thezebra.com,63,143,http://www.thezebra.com/resources/driving/fuel-cost-calculator/
gas calculator,en,9,molinecu.org,21,125,http://www.molinecu.org/forms-applications/fuel-cost-calculator/
gas calculator,en,10,toyotaoflincoln.com,25,68,http://www.toyotaoflincoln.com/fuel-calculator/
gold calculator,en,1,goldcalc.com,26,16789,http://www.goldcalc.com/
gold calculator,en,2,meltvalue.com,40,7457,http://meltvalue.com/gold-calculator
gold calculator,en,3,midstatesrecycling.com,27,4730,http://www.midstatesrecycling.com/karat_kalc
gold calculator,en,4,kleshgold.com,11,861,http://kleshgold.com/gold-price-calculator
gold calculator,en,6,learn.apmex.com,61,716,http://learn.apmex.com/tools/gold-value-calculator/
gold calculator,en,7,dendritics.com,37,500,http://dendritics.com/metal-calc/
gold calculator,en,8,goldkingbullion.com,12,436,http://goldkingbullion.com/gold-value-calculator
gold calculator,en,9,goldgrambars.com,28,154,http://www.goldgrambars.com/calculator/
gold calculator,en,10,elemetal.com,36,146,http://www.elemetal.com/gold-calculator
gold calculator,en,11,silverrecyclers.com,33,94,http://www.silverrecyclers.com/Calculators/gold_calculator.aspx
gpa calculator,en,1,gpacalculator.io,33,186504,http://gpacalculator.io/
gpa calculator,en,2,calculator.net,74,84187,http://www.calculator.net/gpa-calculator.html
gpa calculator,en,4,advising.nmsu.edu,80,42268,http://advising.nmsu.edu/calculator.html
gpa calculator,en,5,dsa.vcu.edu,84,2569,http://www.dsa.vcu.edu/GPACalculator/
gpa calculator,en,6,testudo.umd.edu,89,2141,http://testudo.umd.edu/gpa/index.html
gpa calculator,en,8,undergrad1.its.fsu.edu,81,2020,http://undergrad1.its.fsu.edu/gpacalc/
gpa calculator,en,9,registrar.utexas.edu,92,1959,http://registrar.utexas.edu/tools/gpa-calculator
gpa calculator,en,10,myhighered.mn.gov,84,2501,http://www.myhighered.mn.gov/gpa-calculator
gpa calculator,en,12,myhighered.mn.gov,84,4697,http://www.myhighered.mn.gov/gpa-calculator
gpa calculator,en,13,aasac.wwu.edu,74,4848,http://aasac.wwu.edu/all-institution-gpa-calculator
gravel calculator,en,1,calculator.net,74,17946,http://www.calculator.net/gravel-calculator.html
gravel calculator,en,2,omnicalculator.com,68,7561,http://www.omnicalculator.com/construction/gravel
gravel calculator,en,3,gravelshop.com,21,4839,http://www.gravelshop.com/shop/calculate-cubic-yard-feet-ton.asp
gravel calculator,en,4,inchcalculator.com,57,969,http://www.inchcalculator.com/gravel-calculator/
gravel calculator,en,5,gravelcalculator.site,23,720,http://gravelcalculator.site/
gravel calculator,en,6,ficksupply.com,21,500,http://ficksupply.com/gravel-calculator/
gravel calculator,en,7,calculatorsoup.com,60,436,http://www.calculatorsoup.com/calculators/construction/gravel-calculator.php
gravel calculator,en,8,hellogravel.com,15,154,http://hellogravel.com/tools/calculator/
gravel calculator,en,9,arizonasandandgravel.com,9,151,http://arizonasandandgravel.com/Materials-Calculator
gravel calculator,en,10,gravelmaster.co.uk,20,100,http://www.gravelmaster.co.uk/calculator
home equity loan calculator,en,1,royalbank-usa.com,26,16864,http://www.royalbank-usa.com/calculator/credit-line
home equity loan calculator,en,4,sofi.com,74,7533,http://www.sofi.com/michigan-home-equity-loan-calculator/
home equity loan calculator,en,5,calcxml.com,57,4806,http://www.calcxml.com/calculators/how-much-can-i-borrow-from-my-home-equity-heloc?skn=434
home equity loan calculator,en,6,sofi.com,74,936,http://www.sofi.com/oklahoma-home-equity-loan-calculator/
home equity loan calculator,en,7,play.google.com,99,666,http://play.google.com/store/apps/details?hl=en_US&id=opers.co.loancalc
home equity loan calculator,en,8,syb.com,38,450,http://www.syb.com/home-equity/calculators/paying-off-home-equity-or-HELOC
home equity loan calculator,en,9,apps.apple.com,99,386,http://apps.apple.com/hr/app/home-equity-loan-calculator/id6758175671
home equity loan calculator,en,10,huntington.com,62,104,http://www.huntington.com/Personal/Calculators-Educators/auto-calculators/home-equity-or-auto-loan
home equity loan calculator,en,11,smartasset.com,70,101,http://smartasset.com/mortgage/calculate-home-equity
home equity loan calculator,en,12,hartfordfcu.com,27,49,http://www.hartfordfcu.com/Calculators/Enhanced-Loan-Calculator.aspx
hourly to salary calculator,en,1,calcxml.com,57,13097,http://www.calcxml.com/calculators/convert-hourly-to-salary
hourly to salary calculator,en,2,thecalculatorsite.com,58,1133,http://www.thecalculatorsite.com/finance/calculators/hourly-to-salary.php
hourly to salary calculator,en,3,indeed.com,91,1984,http://www.indeed.com/hire/hourly-to-salary-calculator-for-employers
hourly to salary calculator,en,4,timetrex.com,37,736,http://www.timetrex.com/resources/hourly-to-salary-calculator
hourly to salary calculator,en,5,adp.com,87,363,http://www.adp.com/resources/tools/calculators/hourly-paycheck-calculator.aspx
hourly to salary calculator,en,6,omnicalculator.com,68,144,http://www.omnicalculator.com/finance/salary-to-hourly
hourly to salary calculator,en,7,calculator.net,74,80,http://www.calculator.net/salary-calculator.html
hourly to salary calculator,en,8,hourlysalaries.com,26,106,http://www.hourlysalaries.com/
hourly to salary calculator,en,9,ordio.com,26,96,http://www.ordio.com/en/tools/hourly-wage-calculator
hourly to salary calculator,en,11,paycheckcity.com,55,38,http://www.paycheckcity.com/calculator/hourly
hours calculator,en,1,calculator.net,74,152646,http://www.calculator.net/hours-calculator.html
hours calculator,en,2,calculatorsoup.com,60,71312,http://www.calculatorsoup.com/calculators/time/hours.php
hours calculator,en,3,redcort.com,43,65357,http://www.redcort.com/free-timecard-calculator
hours calculator,en,4,calculatehours.com,36,316,http://www.calculatehours.com/Time_Calculator.html
hours calculator,en,5,shiftflow.app,19,1180,http://www.shiftflow.app/free-tools/free-time-card-calculator
hours calculator,en,6,calculatorsoup.com,60,1057,http://www.calculatorsoup.com/calculators/time/work-hours-calculator.php
hours calculator,en,7,timeanddate.com,91,1001,http://www.timeanddate.com/date/timeduration.html
hours calculator,en,8,avensure.com,37,719,http://www.avensure.com/hr-calculators/working-hours-calculator/
hours calculator,en,9,topster.net,22,221,http://www.topster.net/calendar/stundenrechner.php
hours calculator,en,10,getharvest.com,62,336,http://www.getharvest.com/calculators/time-sheet-calculator
inches to feet,en,2,unitconverters.net,52,58850,http://www.unitconverters.net/length/inches-to-feet.htm
inches to feet,en,3,rapidtables.com,68,17740,http://www.rapidtables.com/convert/length/inch-to-feet.html
inches to feet,en,4,youtube.com,100,11785,http://www.youtube.com/watch?v=OxlfPqZt1KE
inches to feet,en,5,worldometers.info,83,457,http://www.worldometers.info/converters/length/inches-to-feet/
inches to feet,en,6,magicbricks.com,56,1276,http://www.magicbricks.com/inches-to-feet-pppfa
inches to feet,en,7,workybooks.com,57,1092,http://www.workybooks.com/resources/math-vocabulary/in-to-ft
inches to feet,en,8,youtube.com,100,1035,http://www.youtube.com/watch?v=101JtxnyMQE
inches to feet,en,9,byjus.com,70,745,http://byjus.com/inch-to-feet-calculator/
inches to feet,en,10,ck12.org,76,256,http://www.ck12.org/flexi/cbse-math/length-conversion/convert-100-inches-to-feet./
inches to feet,en,11,youtube.com,100,388,http://www.youtube.com/watch?v=XtTLTw-GWSc
inflation calculator,en,1,bls.gov,90,268886,http://www.bls.gov/data/inflation_calculator.htm
inflation calculator,en,2,usinflationcalculator.com,65,128605,http://www.usinflationcalculator.com/
inflation calculator,en,3,bankofengland.co.uk,79,86687,http://www.bankofengland.co.uk/monetary-policy/inflation/inflation-calculator
inflation calculator,en,4,calculator.net,74,21664,http://www.calculator.net/inflation-calculator.html
inflation calculator,en,5,minneapolisfed.org,65,2426,http://www.minneapolisfed.org/about-us/monetary-policy/inflation-calculator
inflation calculator,en,6,in2013dollars.com,62,2305,http://www.in2013dollars.com/
inflation calculator,en,7,westegg.com,60,2244,http://westegg.com/inflation/
inflation calculator,en,8,ryanoconnellfinance.com,21,2786,http://ryanoconnellfinance.com/inflation-calculator/
inflation calculator,en,9,schwabmoneywise.com,51,4982,http://www.schwabmoneywise.com/inflation-calculator
inflation calculator,en,10,usafacts.org,68,5133,http://usafacts.org/answers/inflation-calculator/
investment calculator,en,1,calculator.net,74,235086,http://www.calculator.net/investment-calculator.html
investment calculator,en,2,ramseysolutions.com,74,107326,http://www.ramseysolutions.com/retirement/investment-calculator
investment calculator,en,3,investor.gov,76,65408,http://www.investor.gov/financial-tools-calculators/calculators/compound-interest-calculator
investment calculator,en,4,nerdwallet.com,88,385,http://www.nerdwallet.com/investing/calculators/investment-calculator
investment calculator,en,5,redriverbank.net,37,2426,http://www.redriverbank.net/calculators/investmentreturn
investment calculator,en,6,smartasset.com,70,2305,http://smartasset.com/investing/investment-calculator
investment calculator,en,7,aarp.org,88,2244,http://www.aarp.org/money/retirement/investment-return-calculator/
investment calculator,en,9,fidelity.ca,51,1903,http://www.fidelity.ca/en/growthcalculator/
investment calculator,en,10,westernbanks.com,32,1429,http://www.westernbanks.com/calculators/investment-returns-calculator/
investment calculator,en,12,cnbankpa.com,41,1581,http://www.cnbankpa.com/Resource-Center/Tools/Calculators/Investment-Savings-and-Distributions
loan calculator,en,1,bankrate.com,82,268886,http://www.bankrate.com/loans/loan-calculator/
loan calculator,en,2,calculator.net,74,128605,http://www.calculator.net/loan-calculator.html
loan calculator,en,3,madisoncountybank.com,32,86687,http://www.madisoncountybank.com/calculators/loan-calculator
loan calculator,en,4,finaid.org,64,21664,http://finaid.org/calculators/loanpayments/
loan calculator,en,5,bankofamerica.com,86,2426,http://www.bankofamerica.com/auto-loans/auto-loan-calculator/
loan calculator,en,6,finred.usalearning.gov,51,2305,http://finred.usalearning.gov/ToolsAndAddRes/Calculators/Loan
loan calculator,en,7,yourhome.fanniemae.com,68,2244,http://yourhome.fanniemae.com/calculators-tools/mortgage-calculator
loan calculator,en,8,freedomfirst.com,40,2786,http://www.freedomfirst.com/calculator/existing-loan
loan calculator,en,9,cars.com,84,4982,http://www.cars.com/car-loan-calculator/
loan calculator,en,10,congressionalfcu.org,41,5133,http://www.congressionalfcu.org/services/calculators/simple-loan-calculator
log calculator,en,1,hellocalc.com,11,5287,http://hellocalc.com/en/log-calculator
log calculator,en,2,play.google.com,99,1252,http://play.google.com/store/apps/details?hl=lo&id=com.aswdc_Logcalculator
log calculator,en,3,play.google.com,99,836,http://play.google.com/store/apps/details?hl=mn&id=com.aswdc_Logcalculator
log calculator,en,4,play.google.com,99,434,http://play.google.com/store/apps/details?hl=mk&id=com.mathsapp.logarithmcalculator
log calculator,en,5,slyacademy.com,14,311,http://slyacademy.com/calculator/scientific-calculator/
log calculator,en,6,mathos.ai,20,160,http://www.mathos.ai/app/calculator/viscosity-calculator
log calculator,en,7,apps.apple.com,99,130,http://apps.apple.com/us/app/kutukly-log-volume-calculator/id6752256510?l=zh-Hans-CN
log calculator,en,8,play.google.com,99,129,http://play.google.com/store/apps/details?hl=hy&id=com.aswdc_Logcalculator
log calculator,en,9,apps.apple.com,99,105,http://apps.apple.com/my/app/quilt-tracker-calculator/id6794494747
log calculator,en,12,play.google.com,99,63,http://play.google.com/store/apps/details?hl=zh&id=com.fadow.fuel_calculator
love calculator,en,1,lovecalculator.com,52,16789,http://www.lovecalculator.com/
love calculator,en,2,calculator.net,74,7457,http://www.calculator.net/love-calculator.html
love calculator,en,3,astrolove.com,32,4730,http://www.astrolove.com/en/astro/calculators/love-calculator/
love calculator,en,4,lovefavour.com,11,861,http://lovefavour.com/
love calculator,en,5,prokerala.com,67,716,http://www.prokerala.com/entertainment/love-meter/
love calculator,en,6,crazygames.com,79,500,http://www.crazygames.com/game/true-love-calculator-nzw
love calculator,en,7,play.google.com,99,436,http://play.google.com/store/apps/details?hl=en_US&id=com.nightcoder.lovecalculator
love calculator,en,8,magiclovecalculator.com,18,154,http://magiclovecalculator.com/
love calculator,en,9,youtube.com,100,146,http://www.youtube.com/watch?v=oFsLVG7EAZ4
love calculator,en,11,rudraastro.com,7,94,http://www.rudraastro.com/love-calculator
macro calculator,en,1,calculator.net,74,19419,http://www.calculator.net/macro-calculator.html
macro calculator,en,2,rippedbody.com,48,11380,http://rippedbody.com/macro-calculator/
macro calculator,en,4,eatcounter.com,22,5419,http://eatcounter.com/pages/macrocalculator
macro calculator,en,5,healthline.com,91,813,http://www.healthline.com/health/nutrition/macro-calculator
macro calculator,en,6,forbes.com,94,847,http://www.forbes.com/health/nutrition/macro-calculator/
macro calculator,en,7,macroshealthyrestaurant.com,8,669,http://macroshealthyrestaurant.com/macro-calculator/
macro calculator,en,8,builtwithscience.com,38,652,http://builtwithscience.com/macro-calculator/
macro calculator,en,9,precisionnutrition.com,72,370,http://www.precisionnutrition.com/nutrition-calculator
macro calculator,en,10,grittysoldier.com,19,278,http://www.grittysoldier.com/pages/macro-calculator
macro calculator,en,11,eatcleanbro.com,42,192,http://eatcleanbro.com/pages/calcalc
mortgage calculator,en,1,mortgagecalculator.org,56,639277,http://www.mortgagecalculator.org/
mortgage calculator,en,3,bankrate.com,82,447414,http://www.bankrate.com/mortgages/mortgage-calculator/
mortgage calculator,en,4,yourhome.fanniemae.com,68,405496,http://yourhome.fanniemae.com/calculators-tools/mortgage-calculator
mortgage calculator,en,5,calculator.net,74,340474,http://www.calculator.net/mortgage-calculator.html
mortgage calculator,en,6,zillow.com,90,909,http://www.zillow.com/mortgage-calculator/
mortgage calculator,en,7,bankofromney.net,26,789,http://www.bankofromney.net/calculator/mortgage-loan
mortgage calculator,en,8,chase.com,85,727,http://www.chase.com/personal/mortgage/calculators-resources/mortgage-calculator
mortgage calculator,en,9,bankofamerica.com,86,328,http://www.bankofamerica.com/mortgage/mortgage-calculator/
mortgage calculator,en,10,nerdwallet.com,88,216,http://www.nerdwallet.com/mortgages/calculators/mortgage-calculator
mortgage calculator,en,11,movement.com,52,250,http://movement.com/resources/mortgage-calculator
mulch calculator,en,1,landscapecalculator.com,29,21971,http://www.landscapecalculator.com/calculators/mulch
mulch calculator,en,2,calculator.net,74,7564,http://www.calculator.net/mulch-calculator.html
mulch calculator,en,3,homedepot.com,90,4837,http://www.homedepot.com/calculator/mulch
mulch calculator,en,4,mulchcenter.com,25,1025,http://mulchcenter.com/yardage-calculator/
mulch calculator,en,5,mahoneysgarden.com,44,774,http://mahoneysgarden.com/calculator/
mulch calculator,en,6,youtube.com,100,497,http://www.youtube.com/watch?v=WA7xohKnYWY
mulch calculator,en,7,mulchmound.com,27,443,http://mulchmound.com/pages/mulch-calculator
mulch calculator,en,9,calculatorsoup.com,60,184,http://www.calculatorsoup.com/calculators/construction/mulch-calculator.php
mulch calculator,en,10,suburbanlg.com,28,166,http://suburbanlg.com/mulch-calculator/
mulch calculator,en,12,mulchbarn.net,23,92,http://mulchbarn.net/mulch-calculator/
odds calculator,en,1,sportsgambler.com,53,12946,http://www.sportsgambler.com/betting-calculators/moneyline/
odds calculator,en,3,lottostrategies.com,33,1057,http://www.lottostrategies.com/cgi-bin/odds_calculate?game=fl1
odds calculator,en,4,reddit.com,92,1904,http://www.reddit.com/r/ImperialAssaultTMG/comments/1jqdglh/dice_odds_calculators/
odds calculator,en,5,codingame.com,61,657,http://www.codingame.com/training/medium/risk-odds-calculator
odds calculator,en,6,boardgamegeek.com,83,410,http://boardgamegeek.com/thread/740457/dice-odds-calculator
odds calculator,en,7,apps.apple.com,99,194,http://apps.apple.com/ng/app/bet-calculator-odds-parlay/id6778009409
odds calculator,en,10,reddit.com,92,130,http://www.reddit.com/r/raiders/comments/zps3gd/according_to_the_nyt_playoff_odds_calculator_here/
odds calculator,en,11,bettingtools.com,29,156,http://bettingtools.com/calculators/odds/
one rep max calculator,en,1,strengthlevel.com,47,26241,http://strengthlevel.com/one-rep-max-calculator
one rep max calculator,en,2,nasm.org,69,11458,http://www.nasm.org/resources/one-rep-max-calculator
one rep max calculator,en,3,calculator.net,74,5501,http://www.calculator.net/one-rep-max-calculator.html
one rep max calculator,en,4,ironbullstrength.com,56,1000,http://ironbullstrength.com/pages/one-rep-max-calculator
one rep max calculator,en,5,barbellmedicine.com,39,777,http://www.barbellmedicine.com/resources/one-repetition-maximum-calculator/
one rep max calculator,en,6,exrx.net,62,529,http://exrx.net/Calculators/OneRepMax
one rep max calculator,en,7,youtube.com,100,475,http://www.youtube.com/shorts/1WGOysqjXMM
one rep max calculator,en,8,liftosaur.com,14,216,http://www.liftosaur.com/one-rep-max-calculator
one rep max calculator,en,9,allthingsgym.com,49,253,http://www.allthingsgym.com/rep-max-calculator/
one rep max calculator,en,10,kingofweighted.com,18,134,http://www.kingofweighted.com/calculator
overtime calculator,en,1,omnicalculator.com,68,7852,http://www.omnicalculator.com/finance/overtime
overtime calculator,en,2,thecalculatorsite.com,58,1966,http://www.thecalculatorsite.com/finance/calculators/overtime.php
overtime calculator,en,3,logmyhours.com,22,2187,http://logmyhours.com/overtime-calculator
overtime calculator,en,4,webapps.dol.gov,85,649,http://webapps.dol.gov/elaws/otcalculator.htm
overtime calculator,en,5,indeedflex.com,37,346,http://indeedflex.com/career-hub/tools/overtime-calculator
overtime calculator,en,6,goodcalculators.com,50,149,http://goodcalculators.com/overtime-calculator/
overtime calculator,en,7,notaxovertimecalculator.com,4,156,http://notaxovertimecalculator.com/
overtime calculator,en,8,ajdesigner.com,49,153,http://www.ajdesigner.com/overtime-pay/
overtime calculator,en,9,pearson.com,85,132,http://www.pearson.com/channels/calculators/overtime-calculator
overtime calculator,en,10,smartovertime.com,4,70,http://smartovertime.com/overtime-calculator
ovulation calculator,en,1,womenshealth.gov,78,58774,http://womenshealth.gov/ovulation-calculator
ovulation calculator,en,2,webmd.com,94,17665,http://www.webmd.com/baby/healthtool-ovulation-calculator
ovulation calculator,en,3,calculator.net,74,11710,http://www.calculator.net/ovulation-calculator.html
ovulation calculator,en,6,americanpregnancy.org,80,381,http://americanpregnancy.org/resources/ovulation-calendar/
ovulation calculator,en,7,marchofdimes.org,79,1317,http://www.marchofdimes.org/find-support/ovulation-calculator
ovulation calculator,en,8,firstresponse.com,56,1132,http://www.firstresponse.com/en/online-tools/
ovulation calculator,en,9,tommys.org,63,1075,http://www.tommys.org/pregnancy-information/calculators-tools-resources/ovulation-calculator
ovulation calculator,en,10,rush.edu,70,786,http://www.rush.edu/ovulation-calculator
ovulation calculator,en,11,clearblue.com,63,296,http://www.clearblue.com/how-to-get-pregnant/ovulation-calculator
ovulation calculator,en,13,rotunda.ie,40,429,http://rotunda.ie/ovulation-calculator/
paycheck calculator,en,1,adp.com,87,268886,http://www.adp.com/resources/tools/calculators/salary-paycheck-calculator.aspx
paycheck calculator,en,2,smartasset.com,70,128605,http://smartasset.com/taxes/paycheck-calculator
paycheck calculator,en,3,adp.com,87,86687,http://www.adp.com/resources/tools/calculators/hourly-paycheck-calculator.aspx
paycheck calculator,en,4,paycheckcity.com,55,21664,http://www.paycheckcity.com/calculator
paycheck calculator,en,5,adp.com,87,2426,http://www.adp.com/resources/tools/calculators/states/california-salary-paycheck-calculator.aspx
paycheck calculator,en,6,clarkcountynv.gov,64,2305,http://www.clarkcountynv.gov/government/departments/human_resources/salary-calculator
paycheck calculator,en,7,play.google.com,99,2244,http://play.google.com/store/apps/details?hl=en_US&id=com.loopcupcakes.paycheck
paycheck calculator,en,8,gusto.com,68,2786,http://gusto.com/resources/calculators/payroll/hourly-paycheck-calculator
paycheck calculator,en,9,paycheckcalculator.accountantsworld.com,41,4982,http://paycheckcalculator.accountantsworld.com/
paycheck calculator,en,10,paycheckcity.com,55,5133,http://www.paycheckcity.com/calculator/salary
percent off calculator,en,1,calculator.net,74,13044,http://www.calculator.net/percent-off-calculator.html
percent off calculator,en,2,omnicalculator.com,68,1761,http://www.omnicalculator.com/finance/percent-off
percent off calculator,en,3,docelf.com,23,1986,http://docelf.com/calculators/percent-off-calculator
percent off calculator,en,4,youtube.com,100,871,http://www.youtube.com/watch?v=x9BGatRVOCQ
percent off calculator,en,5,percentagecalculator.net,45,488,http://percentagecalculator.net/discount-calculator/
percent off calculator,en,6,play.google.com,99,205,http://play.google.com/store/apps/details?hl=en_US&id=pricereduc.discount
percent off calculator,en,7,calculator.net,74,152,http://www.calculator.net/discount-calculator.html
percent off calculator,en,8,dothecalculation.com,5,126,http://dothecalculation.com/calculators/discount-calculator
percent off calculator,en,9,ordio.com,26,109,http://www.ordio.com/en/tools/discount-calculator
percent off calculator,en,10,percentoffcalculator.com,11,29,http://www.percentoffcalculator.com/
percentage calculator,en,1,percentagecalculator.net,45,235083,http://percentagecalculator.net/
percentage calculator,en,2,calculator.net,74,107324,http://www.calculator.net/percent-calculator.html
percentage calculator,en,3,mathsisfun.com,82,65405,http://www.mathsisfun.com/percentage-calculator.html
percentage calculator,en,4,calculatorsoup.com,60,413,http://www.calculatorsoup.com/calculators/math/percentage.php
percentage calculator,en,6,youtube.com,100,2456,http://www.youtube.com/watch?v=GB1p4I0_ynE
percentage calculator,en,7,centrepointschools.com,26,2275,http://centrepointschools.com/calculator/percentage.html
percentage calculator,en,8,omnicalculator.com,68,2211,http://www.omnicalculator.com/math/percentage
percentage calculator,en,9,percentagecalculator.co,19,1883,http://www.percentagecalculator.co/
percentage calculator,en,10,play.google.com,99,1410,http://play.google.com/store/apps/details?hl=en_US&id=com.yokobo.PercentCalc
percentage calculator,en,11,ou.edu,83,1579,http://www.ou.edu/research/electron/bmz5364/calc-percent.html
quadratic formula calculator,en,1,calculatorsoup.com,60,13097,http://www.calculatorsoup.com/calculators/algebra/quadratic-formula-calculator.php
quadratic formula calculator,en,2,calculator.net,74,1133,http://www.calculator.net/quadratic-formula-calculator.html
quadratic formula calculator,en,3,youtube.com,100,1984,http://www.youtube.com/watch?v=X2qtXMBOW7c
quadratic formula calculator,en,5,mathpapa.com,51,736,http://www.mathpapa.com/quadratic-formula/
quadratic formula calculator,en,6,workybooks.com,57,361,http://www.workybooks.com/resources/calculator/quadratic-formula-calculator
quadratic formula calculator,en,7,symbolab.com,61,142,http://www.symbolab.com/solver/quadratic-equation-calculator
quadratic formula calculator,en,9,calctool.org,50,77,http://www.calctool.org/math-and-statistics/quadratic-formula
quadratic formula calculator,en,10,youtube.com,100,104,http://www.youtube.com/watch?v=uomDxYZVadE
quadratic formula calculator,en,12,youtube.com,100,94,http://www.youtube.com/watch?v=cGII1qYwJDQ&vl=en-US
quadratic formula calculator,en,13,youtube.com,100,36,http://www.youtube.com/watch?v=uomDxYZVadE
retirement calculator,en,1,nerdwallet.com,88,152644,http://www.nerdwallet.com/investing/calculators/retirement-calculator
retirement calculator,en,2,investor.vanguard.com,71,71309,http://investor.vanguard.com/tools-calculators/retirement-income-calculator
retirement calculator,en,3,ramseysolutions.com,74,65355,http://www.ramseysolutions.com/retirement/retirement-calculator
retirement calculator,en,4,ssa.gov,81,381,http://www.ssa.gov/benefits/retirement/planner/ageincrease.html
retirement calculator,en,5,schwab.com,81,1247,http://www.schwab.com/retirement-planning-tools/retirement-calculator
retirement calculator,en,6,retirementcalculator.nga.finra.org,83,1063,http://retirementcalculator.nga.finra.org/
retirement calculator,en,7,calculator.net,74,1006,http://www.calculator.net/retirement-calculator.html
retirement calculator,en,9,aarp.org,88,699,http://www.aarp.org/money/retirement/retirement-calculator/
retirement calculator,en,10,militarypay.defense.gov,89,202,http://militarypay.defense.gov/calculators/
retirement calculator,en,13,mutualofamerica.com,46,334,http://www.mutualofamerica.com/insights-and-tools/retirement-calculators
roth ira calculator,en,1,cbtn.com,31,20241,http://www.cbtn.com/calculator/roth-ira
roth ira calculator,en,4,mycenturybank.com,31,10969,http://www.mycenturybank.com/financial-calculators/roth-ira
roth ira calculator,en,5,cofcu.org,35,5007,http://www.cofcu.org/learn/calculators/retirement-calculators/roth-ira-calculator
roth ira calculator,en,7,corebridgefinancial.com,53,501,http://www.corebridgefinancial.com/rs/suny/home/financial-education/education-center/tools-and-calculators/roth-ira-calculator
salary calculator,en,1,adp.com,87,145589,http://www.adp.com/resources/tools/calculators/salary-paycheck-calculator.aspx
salary calculator,en,2,calculator.net,74,71312,http://www.calculator.net/salary-calculator.html
salary calculator,en,3,smartasset.com,70,65357,http://smartasset.com/taxes/paycheck-calculator
salary calculator,en,4,paycheckcity.com,55,316,http://www.paycheckcity.com/calculator/salary
salary calculator,en,5,adp.com,87,1180,http://www.adp.com/resources/tools/calculators/states/california-salary-paycheck-calculator.aspx
salary calculator,en,6,swz.salary.com,70,1057,http://swz.salary.com/calculator/total-salary-calculator
salary calculator,en,8,surepayroll.com,59,1001,http://www.surepayroll.com/resources/calculators/salary-paycheck
salary calculator,en,9,adp.com,87,719,http://www.adp.com/resources/tools/calculators.aspx
salary calculator,en,10,monster.com,88,221,http://www.monster.com/salary/
salary calculator,en,12,paycheckmanager.com,24,336,http://www.paycheckmanager.com/freecal/states/texas_paycheck_calculator.aspx
scientific calculator,en,1,mathda.com,24,268812,http://mathda.com/
scientific calculator,en,2,widemath.com,4,128605,http://widemath.com/scientific-calculator/
scientific calculator,en,3,play.google.com,99,86687,http://play.google.com/store/apps/details?hl=en_AU&id=com.scientificCalculator
scientific calculator,en,4,newyorkscienceteacher.com,37,21664,http://newyorkscienceteacher.com/sci/site/calcs/sci_calc.php
scientific calculator,en,6,casio.com,85,2426,http://www.casio.com/intl/scientific-calculators/
scientific calculator,en,7,desmos.com,77,2305,http://www.desmos.com/
scientific calculator,en,8,calculator.net,74,2244,http://www.calculator.net/
scientific calculator,en,9,tcsion.com,46,2786,http://www.tcsion.com/OnlineAssessment/ScientificCalculator/Calculator.html
scientific calculator,en,10,amazon.com,95,4982,http://amazon.com/dp/B081FKH14W/ref=dp_cr_wdg_tit_rfb
scientific calculator,en,11,mathsisfun.com,82,5133,http://www.mathsisfun.com/calculator-precision.html
sleep calculator,en,1,sleepcalculator.com,40,23855,http://sleepcalculator.com/
sleep calculator,en,2,sleepfoundation.org,75,10896,http://www.sleepfoundation.org/sleep-calculator
sleep calculator,en,3,calculator.net,74,4938,http://www.calculator.net/sleep-calculator.html
sleep calculator,en,4,sleepytime.cc,16,489,http://sleepytime.cc/
sleep calculator,en,5,sleepopolis.com,75,915,http://sleepopolis.com/calculators/sleep/
sleep calculator,en,6,healthline.com,91,671,http://www.healthline.com/health/sleep/sleep-calculator
sleep calculator,en,7,nectarsleep.co.uk,45,557,http://www.nectarsleep.co.uk/pages/sleep-calculator
sleep calculator,en,8,mysleepwell.ca,37,298,http://mysleepwell.ca/cbti/sleep-efficiency-calculator/
sleep calculator,en,9,sleepeducation.org,65,261,http://sleepeducation.org/healthy-sleep/bedtime-calculator/
sleep calculator,en,10,thesleepcharity.org.uk,56,151,http://thesleepcharity.org.uk/information-support/adults/sleep-calculator/
square footage calculator,en,2,calculatorsoup.com,60,58775,http://www.calculatorsoup.com/calculators/construction/square-footage-calculator.php
square footage calculator,en,3,calculator.net,74,17740,http://www.calculator.net/square-footage-calculator.html
square footage calculator,en,5,ls-usa.com,29,11785,http://ls-usa.com/square-footage-calculator
square footage calculator,en,6,mcmillanfloors.com,6,457,http://mcmillanfloors.com/pages/room-square-footage-calculator
square footage calculator,en,7,squarefootagecalculator.cc,15,1276,http://squarefootagecalculator.cc/
square footage calculator,en,8,areacalculator.sodsolutions.com,37,1092,http://areacalculator.sodsolutions.com/
square footage calculator,en,9,youtube.com,100,1035,http://www.youtube.com/shorts/AsDui41cU8U
square footage calculator,en,10,omnicalculator.com,68,745,http://www.omnicalculator.com/construction/square-footage
square footage calculator,en,11,facebook.com,96,256,http://www.facebook.com/homedepot/videos/calculating-square-footage-is-the-real-life-math-you-learned-in-school-and-forgo/3797296560486393/
square footage calculator,en,13,ambientbp.com,40,156,http://www.ambientbp.com/calculate-square-footage-feet.php
tdee calculator,en,1,tdeecalculator.net,50,268886,http://tdeecalculator.net/
tdee calculator,en,2,calculator.net,74,128605,http://www.calculator.net/tdee-calculator.html
tdee calculator,en,3,forbes.com,94,86687,http://www.forbes.com/health/nutrition/tdee-calculator/
tdee calculator,en,4,tdee.is,5,21664,http://tdee.is/
tdee calculator,en,5,builtwithscience.com,38,2426,http://builtwithscience.com/tdee-calculator/
tdee calculator,en,6,vanswefitness.com,23,2305,http://www.vanswefitness.com/pages/tdee-calculator-for-weight-loss
tdee calculator,en,7,jumpstartmd.com,39,2244,http://jumpstartmd.com/tools/tdee-calculator/
tdee calculator,en,8,hybridcalisthenics.com,28,2786,http://www.hybridcalisthenics.com/tdee
tdee calculator,en,9,tdeecalculator.org,22,4982,http://tdeecalculator.org/
tdee calculator,en,10,nerdfitness.com,64,5133,http://www.nerdfitness.com/blog/how-many-calories-should-i-eat-every-day-a-look-at-total-daily-energy-expenditure-tdee/
texas paycheck calculator,en,1,salary-checkup.com,3,22046,http://salary-checkup.com/us/texas
texas paycheck calculator,en,3,aftertaxhq.com,1,7639,http://aftertaxhq.com/texas-paycheck-calculator/
texas paycheck calculator,en,4,apps.apple.com,99,4913,http://apps.apple.com/us/app/texas-paycheck-calculator/id6789460173?l=zh-Hant-TW
texas paycheck calculator,en,5,gettaxcalculator.com,1,1100,http://gettaxcalculator.com/tx-paycheck-calculator/
texas paycheck calculator,en,6,usrateatlas.com,3,721,http://usrateatlas.com/taxes/paycheck/texas
texas paycheck calculator,en,7,clcuonline.com,10,444,http://clcuonline.com/tools/texas-paycheck-calculator/
texas paycheck calculator,en,8,paycheckcalculation.netlify.app,93,391,http://paycheckcalculation.netlify.app/state/texas
texas paycheck calculator,en,9,prosalarytax.com,4,132,http://prosalarytax.com/texas-paycheck-calculator
texas paycheck calculator,en,10,calcit.b-cdn.net,92,114,http://calcit.b-cdn.net/posts/texas-paycheck-calculator/
texas paycheck calculator,en,11,salarysplithub.com,3,40,http://salarysplithub.com/texas-tax-calculator.html
time card calculator,en,1,redcort.com,43,61143,http://www.redcort.com/free-timecard-calculator
time card calculator,en,2,timecardcalculator.net,19,17742,http://www.timecardcalculator.net/
time card calculator,en,3,calculator.net,74,11788,http://www.calculator.net/time-card-calculator.html
time card calculator,en,4,teambridge.com,29,392,http://teambridge.com/tools/time-card-calculator
time card calculator,en,5,getharvest.com,62,1209,http://www.getharvest.com/calculators/time-sheet-calculator
time card calculator,en,6,timecardcalculatorgeek.com,19,1086,http://timecardcalculatorgeek.com/
time card calculator,en,7,timeclockwizard.com,37,1030,http://www.timeclockwizard.com/free-online-time-card-calculator-breaks
time card calculator,en,8,calculatehours.com,36,765,http://www.calculatehours.com/m/Time-Card-Calculator-Biweekly+Lunch.html
time card calculator,en,9,copleys.com,27,276,http://www.copleys.com/timecard/
time card calculator,en,10,shiftflow.app,19,157,http://www.shiftflow.app/free-tools/free-time-card-calculator
time duration calculator,en,1,calcshelf.com,10,23931,http://calcshelf.com/time/time-duration-calculator
time duration calculator,en,3,ngetools.us,3,10971,http://ngetools.us/time-duration-calculator/
time duration calculator,en,4,toolqix.store,1,5014,http://toolqix.store/tools/time-duration-calculator
time duration calculator,en,5,calcoraengine.com,1,564,http://calcoraengine.com/time-duration-calculator/
time duration calculator,en,6,babbagecalculator.com,6,863,http://babbagecalculator.com/calculator/time-duration-calculator
time duration calculator,en,7,utilipilot.com,1,618,http://utilipilot.com/time-duration-calculator/
time duration calculator,en,8,toolqivo.com,1,505,http://toolqivo.com/time-duration-calculator
time duration calculator,en,9,toolifycalculators.com,3,246,http://toolifycalculators.com/online-time-duration-calculator/
time duration calculator,en,10,totaltoolhub.com,3,209,http://totaltoolhub.com/time-duration-calculator-2/
tip calculator,en,1,calculator.net,74,235083,http://www.calculator.net/tip-calculator.html
tip calculator,en,3,omnicalculator.com,68,107324,http://www.omnicalculator.com/other/tip
tip calculator,en,4,nerdwallet.com,88,65405,http://www.nerdwallet.com/finance/learn/tip-calculator
tip calculator,en,6,youtube.com,100,413,http://www.youtube.com/watch?v=OorJCVfUNuI
tip calculator,en,7,wise.com,74,2456,http://wise.com/us/travel-money/tip-calculator
tip calculator,en,8,calculatorsoup.com,60,2275,http://www.calculatorsoup.com/calculators/financial/tip-calculator.php
tip calculator,en,9,calculatestuff.com,40,2211,http://www.calculatestuff.com/miscellaneous/tip-calculator
tip calculator,en,10,salecalc.com,37,1883,http://salecalc.com/tiptax
tip calculator,en,13,youtube.com,100,1410,http://www.youtube.com/watch?v=P1TXz-x22a0
tip calculator,en,14,creditkarma.com,78,1579,http://www.creditkarma.com/calculators/additional/tip
usps postage calculator,en,1,postcalc.usps.com,90,13097,http://postcalc.usps.com/
usps postage calculator,en,2,usps.com,90,1133,http://www.usps.com/business/prices.htm
usps postage calculator,en,4,usps.com,90,1984,http://www.usps.com/ship/mail-shipping-services.htm
usps postage calculator,en,6,shipstation.com,60,736,http://www.shipstation.com/usps-shipping-calculator/
usps postage calculator,en,7,atomixlogistics.com,25,361,http://www.atomixlogistics.com/blog/usps-shipping-cost-calculators-estimators
usps postage calculator,en,8,about.usps.com,90,142,http://about.usps.com/postal-bulletin/2008/html/pb22227/html/kit_010.html
usps postage calculator,en,10,pirateship.com,40,77,http://www.pirateship.com/usps/shipping-calculator
usps postage calculator,en,11,parcelmonkey.com,32,104,http://www.parcelmonkey.com/shipping-companies/usps/calculator
usps postage calculator,en,12,shippingeasy.com,50,94,http://shippingeasy.com/postage-savings-calculator/
usps postage calculator,en,13,goshippo.com,55,36,http://goshippo.com/shipping-calculator
volume calculator,en,1,calculator.net,74,19419,http://www.calculator.net/volume-calculator.html
volume calculator,en,2,omnicalculator.com,68,11380,http://www.omnicalculator.com/math/volume
volume calculator,en,4,dep.state.pa.us,80,5419,http://www.dep.state.pa.us/dep/deputate/waterops/redesign/calculators/volcalchtm.htm
volume calculator,en,5,calculatorsoup.com,60,861,http://www.calculatorsoup.com/calculators/construction/tank.php
volume calculator,en,6,ozlandscapesupplies.com.au,19,814,http://www.ozlandscapesupplies.com.au/volume-calculator/
volume calculator,en,8,vcalc.com,42,631,http://www.vcalc.com/wiki/volume-from-area-and-height
volume calculator,en,9,gigacalculator.com,45,567,http://www.gigacalculator.com/calculators/volume-calculator.php
volume calculator,en,10,sensorsone.com,40,285,http://www.sensorsone.com/length-width-and-height-to-volume-calculator/
volume calculator,en,11,youtube.com,100,277,http://www.youtube.com/watch?v=qr-j9v_XRq8
volume calculator,en,13,tankmaster.com.au,18,184,http://tankmaster.com.au/volume-calculator/
z score calculator,en,1,calculator.net,74,5172,http://www.calculator.net/z-score-calculator.html
z score calculator,en,2,zscorecalculator.com,15,1340,http://www.zscorecalculator.com/
z score calculator,en,3,measuringu.com,53,991,http://measuringu.com/calculators/zcalcp/
z score calculator,en,5,calculatorsoup.com,60,462,http://www.calculatorsoup.com/calculators/statistics/z-score-calculator.php
z score calculator,en,6,pearson.com,85,156,http://www.pearson.com/channels/calculators/z-score-calculator
z score calculator,en,7,statisticsfundamentals.com,40,24,http://statisticsfundamentals.com/calculators/z-score/
z score calculator,en,8,youtube.com,100,13,http://www.youtube.com/watch?v=z5y2AX1euv0
z score calculator,en,10,statsmasters.com,3,8,http://statsmasters.com/tools/z-score-calculator
z score calculator,en,11,standarddeviationcalculator.io,27,9,http://www.standarddeviationcalculator.io/z-score-calculator
z score calculator,en,13,youtube.com,100,11,http://www.youtube.com/watch?v=Y2EwXvayK8s
