seed,keyword,volume,cpc,sd
calculator,morgan calculator,3350000,2.2,55
calculator,b m i calculator,2740000,0.74,79
calculator,mortgage calculator,2740000,2.17,63
calculator,bmi calculator 2,2240000,0.2,49
calculator,xe foreign exchange calculator,1220000,1.44,38
calculator,calculator of grades,1000000,0,51
calculator,graphing calculator by desmos,1000000,3.21,72
calculator,calculator calories,1000000,1.64,73
calculator,desmos calculator graphing,823000,0,42
calculator,gpa calculator,823000,3.4,42
calculator,auto note calculator,823000,1.015,46
calculator,time to calculator,823000,2.525,72
calculator,complex interest calculator,823000,0.96,44
calculator,calculator for gpa,823000,2.14,42
calculator,calculator of calories,823000,1.145,75
calculator,calculator loans,823000,2.8,51
calculator,calculator for car loan,673000,0.595,44
calculator,and loan calculator,673000,2.47,74
calculator,calculator of car loan,673000,0.975,41
calculator,calculator for date,673000,2.06,58
calculator,age calculator,673000,0.12,58
calculator,desmos graphing calculator,673000,0,42
calculator,time to time calculator,673000,6.45,51
calculator,calculator loan vehicle,673000,0.59,50
calculator,calculator of time,673000,7.08,62
calculator,calculator for car payments,673000,0.46,43
calculator,compound in calculator,673000,1.19,45
paycheck calculator,wage paycheck calculator,673000,6.865,43
paycheck calculator,paycheck calculator calculator,550000,9.935,43
paycheck calculator,paycheck calculator adp,201000,18.35,44
paycheck calculator,smart assets paycheck calculator,90500,4.61,64
paycheck calculator,online paycheck calculator,74000,24.02,55
paycheck calculator,adp salary paycheck calculator,74000,8.9,40
paycheck calculator,texas paycheck calculator,60500,11.41,34
paycheck calculator,paycheck calculator take home,60500,3.39,54
paycheck calculator,army paycheck calculator,49500,2.33,28
paycheck calculator,california paycheck calculator,49500,11.025,20
paycheck calculator,paycheck calculator in california,49500,13.685,20
paycheck calculator,new york paycheck calculator,40500,12.4,27
paycheck calculator,paycheck calculator smart asset,40500,25.92,66
paycheck calculator,adp paycheck calculator salary,33100,16.27,45
paycheck calculator,florida paycheck calculator,27100,21.6,24
paycheck calculator,hourly to paycheck calculator,27100,5.35,61
paycheck calculator,salary calculator paycheck calculator,27100,5.25,58
paycheck calculator,paycheck calculator fl,27100,13.46,22
paycheck calculator,paycheck calculator with tax,22200,3.26,56
paycheck calculator,paycheck calculator for florida,22200,14.97,12
paycheck calculator,paycheck calculator north carolina,22200,13.22,35
paycheck calculator,paycheck calculator by hours,22200,3.43,12
paycheck calculator,paycheck calculator for washington state,22200,14.985,12
paycheck calculator,north carolina paycheck calculator,22200,5.97,28
paycheck calculator,city paycheck calculator,22200,22.71,56
paycheck calculator,time paycheck calculator,22200,4.61,52
paycheck calculator,paycheck calculator in florida,18100,8.21,37
paycheck calculator,pay paycheck calculator,18100,8.13,62
paycheck calculator,paycheck calculator new jersey,18100,13.29,53
paycheck calculator,paycheck calculator oh,18100,7.935,19
paycheck calculator,paycheck calculator city,18100,11.46,79
paycheck calculator,washington paycheck calculator,18100,12.59,23
paycheck calculator,paycheck calculator for virginia,18100,11.37,11
paycheck calculator,adp hourly paycheck calculator,18100,28.43,46
paycheck calculator,paycheck calculator by city,14800,10.195,64
paycheck calculator,paycheck calculator from salary,14800,7.77,76
paycheck calculator,virginia paycheck calculator,14800,20.25,25
paycheck calculator,paycheck calculator virginia,14800,7.24,23
paycheck calculator,adp california paycheck calculator,14800,26.95,54
paycheck calculator,paycheckcity salary paycheck calculator,14800,0,51
paycheck calculator,smartasset com paycheck calculator,14800,0,9
paycheck calculator,co paycheck calculator,12100,15.64,23
paycheck calculator,paycheck calculator texas adp,9900,33.24,58
paycheck calculator,paycheck calculator arizona,9900,13.97,27
paycheck calculator,paycheck calculator indiana,9900,10.12,20
paycheck calculator,paycheck calculator for maryland,9900,9.8,24
paycheck calculator,paycheck calculator tax,9900,5.33,20
paycheck calculator,salary hourly paycheck calculator,9900,0.54,59
paycheck calculator,hourly paycheck calculator adp,8100,45.95,48
paycheck calculator,south carolina paycheck calculator,8100,13.38,41
paycheck calculator,gusto paycheck calculator,8100,9.75,32
paycheck calculator,paycheck calculator mo,8100,6.465,16
paycheck calculator,tax from paycheck calculator,8100,3.05,11
paycheck calculator,paycheck calculator for missouri,8100,15.29,8
paycheck calculator,taxes from paycheck calculator,8100,2.755,9
paycheck calculator,salary paycheck calculator adp,6600,6.235,56
paycheck calculator,tax paycheck calculator,6600,4.1,54
paycheck calculator,paycheck calculator for alabama,6600,9.83,27
paycheck calculator,adp florida paycheck calculator,6600,20.99,48
paycheck calculator,free paycheck calculator,6600,12.31,55
paycheck calculator,ca paycheck calculator,6600,0,50
paycheck calculator,kentucky paycheck calculator,6600,7.75,28
paycheck calculator,ok paycheck calculator,5400,7.15,19
paycheck calculator,paycheck calculator online,5400,25.18,79
paycheck calculator,paycheck calculator tennessee,5400,9.55,23
paycheck calculator,paycheck calculator hawaii,5400,11.52,30
paycheck calculator,tennessee paycheck calculator,5400,4.38,25
paycheck calculator,paycheck calculator louisiana,5400,23.815,15
paycheck calculator,take home paycheck calculator nyc,5400,0,36
paycheck calculator,paycheck calculator kansas,4400,14.05,15
paycheck calculator,paycheck calculator weekly,4400,4.08,58
paycheck calculator,paycheck calculator la,4400,6.29,27
paycheck calculator,iowa paycheck calculator,4400,39.57,22
paycheck calculator,adp new york paycheck calculator,4400,0,59
paycheck calculator,onpay paycheck calculator,4400,0,20
paycheck calculator,paycheck calculator bi weekly,3600,2.91,7
paycheck calculator,paycheckcity.com paycheck calculator,3600,51.21,22
paycheck calculator,paycheck calculator after tax,3600,6.175,54
paycheck calculator,paycheck calculator idaho,3600,27.77,27
paycheck calculator,paycheck calculator after taxes,3600,2.24,60
paycheck calculator,adp paycheck calculator new york,3600,0,59
paycheck calculator,paycheck calculator west virginia,2900,0,18
paycheck calculator,california tax on paycheck calculator,2900,7.885,51
paycheck calculator,take home paycheck calculator florida,2900,0,38
paycheck calculator,oysterlink paycheck calculator,2900,0,22
paycheck calculator,tax paycheck calculator texas,2900,7.23,57
paycheck calculator,paycheck calculator new hampshire,2900,5.86,6
paycheck calculator,new mexico paycheck calculator,2900,19.06,23
paycheck calculator,paycheck calculator maryland,2900,5.79,24
paycheck calculator,how is taxes from paycheck calculator,2900,4.02,60
paycheck calculator,nebraska paycheck calculator,2900,7.73,18
paycheck calculator,net paycheck calculator,2900,13.14,56
paycheck calculator,adp illinois paycheck calculator,2900,0,51
paycheck calculator,paycheck calculator for bonus,2900,15.445,49
paycheck calculator,ne paycheck calculator,2900,10.62,14
paycheck calculator,adp paycheck calculator nc,2400,35.53,52
paycheck calculator,tax paycheck calculator california,2400,5.385,6
paycheck calculator,tax paycheck calculator nyc,2400,4.825,6
paycheck calculator,adp virginia paycheck calculator,2400,0,57
paycheck calculator,maine paycheck calculator,2400,3.28,18
paycheck calculator,texas tax paycheck calculator,2400,5.81,56
paycheck calculator,adp ohio paycheck calculator,2400,0,39
paycheck calculator,paycheck calculator with bonus,2400,7.81,50
paycheck calculator,paycheck calculator quickbooks,2400,3.4,62
paycheck calculator,washington dc paycheck calculator,1900,3.7,34
paycheck calculator,smartasset california paycheck calculator,1900,0,60
paycheck calculator,ny state paycheck calculator,1900,0,25
paycheck calculator,adp paycheck calculator pa,1900,0,53
paycheck calculator,texas paycheck calculator hourly,1900,8.895,6
paycheck calculator,quickbooks paycheck calculator,1900,26.95,54
paycheck calculator,adp georgia paycheck calculator,1900,0,53
paycheck calculator,after tax paycheck calculator california,1900,0,54
paycheck calculator,il paycheck calculator,1900,0,26
paycheck calculator,new york tax paycheck calculator,1900,1.86,6
paycheck calculator,adp new jersey paycheck calculator,1900,0,50
paycheck calculator,paycheck calculator ms,1900,3.75,40
paycheck calculator,wa paycheck calculator,1900,0,18
paycheck calculator,adp michigan paycheck calculator,1900,31.24,43
paycheck calculator,dc paycheck calculator,1600,0,20
paycheck calculator,paycheck calculator california hourly,1600,10.08,64
paycheck calculator,adp colorado paycheck calculator,1600,0,49
paycheck calculator,adp paycheck calculator ohio,1600,25.56,46
paycheck calculator,paycheck calculator uk,1600,0,48
paycheck calculator,paycheck calculator montana,1600,0,19
paycheck calculator,wi paycheck calculator,1600,0,27
paycheck calculator,smartasset texas paycheck calculator,1600,0,54
paycheck calculator,paycheck calculator texas hourly,1600,7.43,44
paycheck calculator,holiday paycheck calculator,1600,0,21
paycheck calculator,adp paycheck calculator texas,1600,40.21,58
paycheck calculator,adp washington paycheck calculator,1600,11.72,44
paycheck calculator,salary to hourly paycheck calculator,1600,1.22,56
paycheck calculator,adp arizona paycheck calculator,1300,0,48
paycheck calculator,suburban paycheck calculator,1300,0,55
paycheck calculator,paycheck calculator florida tax,1300,2.17,31
paycheck calculator,gross net paycheck calculator,1300,5.81,56
paycheck calculator,north dakota paycheck calculator,1300,0,17
paycheck calculator,government paycheck calculator,1300,0,56
paycheck calculator,surepayroll paycheck calculator,1300,12.84,45
paycheck calculator,mo paycheck calculator,1300,0,28
paycheck calculator,my paycheck calculator,1300,8.47,57
paycheck calculator,biweekly paycheck calculator,1300,0,58
paycheck calculator,paycheck calculator hourly to salary,1300,0.91,57
paycheck calculator,paycheck calculator south dakota,1300,0,17
paycheck calculator,delaware paycheck calculator,1300,3.27,24
paycheck calculator,adp paycheck calculator florida,1300,0,52
paycheck calculator,california hourly paycheck calculator,1300,24.79,35
paycheck calculator,adp south carolina paycheck calculator,1300,0,41
paycheck calculator,paycheckcity hourly paycheck calculator,1300,0,54
paycheck calculator,california salary paycheck calculator,1000,1.03,51
paycheck calculator,adp paycheck calculator indiana,1000,36.91,43
paycheck calculator,adp tennessee paycheck calculator,1000,0,43
paycheck calculator,take home paycheck calculator uk,1000,0,59
paycheck calculator,paycheck calculator alaska,1000,0,20
paycheck calculator,paycheck calculator chicago,1000,2.76,35
paycheck calculator,nv paycheck calculator,1000,0,25
paycheck calculator,paycheck calculator monthly,1000,9.09,62
paycheck calculator,adp minnesota paycheck calculator,1000,14.98,47
paycheck calculator,salary paycheck calculator tennessee,1000,0,27
paycheck calculator,paycheck calculator kentucky,1000,0,19
paycheck calculator,michigan tax paycheck calculator,1000,7.115,6
paycheck calculator,adp nevada paycheck calculator,1000,25.87,47
paycheck calculator,smartasset colorado paycheck calculator,1000,0,50
paycheck calculator,smartasset florida paycheck calculator,1000,0,48
paycheck calculator,hourly paycheck calculator free,1000,6.71,46
paycheck calculator,take home paycheck calculator,1000,9.99,55
paycheck calculator,adp missouri paycheck calculator,1000,50.69,54
paycheck calculator,paycheck calculator with tax deductions,880,4.825,9
paycheck calculator,paycheck calculator overtime,880,3.17,50
paycheck calculator,adp massachusetts paycheck calculator,880,27.63,47
paycheck calculator,adp paycheck calculator ny,880,42.24,58
paycheck calculator,adp paycheck calculator ct,880,20.66,51
paycheck calculator,adp alabama paycheck calculator,880,0,35
paycheck calculator,adp maryland paycheck calculator,880,0,35
paycheck calculator,bi weekly paycheck calculator,880,9.74,56
paycheck calculator,smartasset nyc paycheck calculator,880,0,61
paycheck calculator,adp indiana paycheck calculator,880,0,31
paycheck calculator,after taxes paycheck calculator,880,12.37,58
paycheck calculator,adp oregon paycheck calculator,880,0,40
paycheck calculator,paycheck calculator gross to net,880,7.81,59
paycheck calculator,monthly paycheck calculator,880,6.28,55
paycheck calculator,401k paycheck calculator,880,7.68,26
paycheck calculator,adp mn paycheck calculator,880,5.3,47
paycheck calculator,florida hourly paycheck calculator,880,2.9,23
paycheck calculator,tax withheld paycheck calculator,880,14.04,64
paycheck calculator,vermont paycheck calculator,880,0,19
paycheck calculator,federal withholding paycheck calculator,880,23.55,70
paycheck calculator,free hourly paycheck calculator,880,4.5,9
paycheck calculator,adp paycheck calculator illinois,880,23.3,50
paycheck calculator,raise paycheck calculator,880,0,14
paycheck calculator,tax deduction from paycheck calculator,880,10.18,65
paycheck calculator,paycheck calculator tax deduction,720,3.675,7
paycheck calculator,philadelphia paycheck calculator,720,5.05,23
paycheck calculator,seattle paycheck calculator,720,0,25
paycheck calculator,paycheck calculator employer taxes,720,18.35,56
paycheck calculator,salary paycheck calculator texas,720,0,45
paycheck calculator,gusto hourly paycheck calculator,720,7.34,34
paycheck calculator,federal paycheck calculator,720,1.8,56
paycheck calculator,massachusetts tax paycheck calculator,720,3.9,22
paycheck calculator,hourly paycheck calculator paycheck city,720,0,5
paycheck calculator,missing paycheck calculator,720,11.89,57
paycheck calculator,adp paycheck calculator nj,720,19.07,54
paycheck calculator,work paycheck calculator,720,4.38,64
paycheck calculator,canada paycheck calculator,720,0,57
paycheck calculator,free paycheck calculator online,720,13.18,12
paycheck calculator,free paycheck calculator hourly,720,8.15,57
paycheck calculator,military paycheck calculator,720,4.21,58
paycheck calculator,paycheck calculator pennsylvania,720,0.8,26
paycheck calculator,online free paycheck calculator,720,5.92,54
paycheck calculator,after tax paycheck calculator,720,2.73,57
paycheck calculator,north carolina hourly paycheck calculator,720,3.27,35
paycheck calculator,tax withholding from paycheck calculator,720,12.04,68
paycheck calculator,adp connecticut paycheck calculator,720,0,43
paycheck calculator,adp paycheck calculator sc,590,42.29,44
paycheck calculator,paycheck calculator hourly illinois,590,0,21
paycheck calculator,paycheck calculator hourly virginia,590,2.74,21
paycheck calculator,adp paycheck calculator utah,590,6.51,40
paycheck calculator,adp louisiana paycheck calculator,590,14.7,32
paycheck calculator,los angeles paycheck calculator,590,12.01,48
paycheck calculator,adp nj paycheck calculator,590,15.78,54
paycheck calculator,adp paycheck calculator tn,590,0,44
paycheck calculator,gross up paycheck calculator,590,9.355,9
paycheck calculator,adp paycheck calculator mn,590,26.67,52
paycheck calculator,hourly paycheck calculator nc,590,1.84,6
paycheck calculator,adp paycheck calculator ma,590,0,35
paycheck calculator,adp oklahoma paycheck calculator,590,41.87,29
paycheck calculator,smartasset paycheck calculator texas,590,0,57
paycheck calculator,adp paycheck calculator virginia,590,0,50
paycheck calculator,paycheckcity california paycheck calculator,590,0,5
paycheck calculator,adp kansas paycheck calculator,590,0,41
paycheck calculator,smartasset paycheck calculator florida,590,0,48
paycheck calculator,adp ca paycheck calculator,590,29.16,59
paycheck calculator,withholding paycheck calculator,480,3.92,64
paycheck calculator,paycheck calculator las vegas,480,0,25
paycheck calculator,estimated paycheck calculator,480,3.12,53
paycheck calculator,smartasset ny paycheck calculator,480,0,26
paycheck calculator,new jersey hourly paycheck calculator,480,0,23
paycheck calculator,adp paycheck calculator michigan,480,0,48
paycheck calculator,paycheck calculator military,480,0,44
paycheck calculator,2026 paycheck calculator,480,0,57
paycheck calculator,san diego paycheck calculator,480,0,49
paycheck calculator,nyc paycheck calculator hourly,480,1.68,34
paycheck calculator,adp nebraska paycheck calculator,480,0,44
paycheck calculator,smartasset paycheck calculator nyc,480,0,43
paycheck calculator,paycheck calculator irs,480,8.87,73
paycheck calculator,smartasset illinois paycheck calculator,480,0,56
paycheck calculator,paycheck calculator gross up,480,17.92,28
paycheck calculator,la paycheck calculator,480,4.91,27
paycheck calculator,adp paycheck calculator oregon,480,0,40
paycheck calculator,smartasset paycheck calculator california,480,0,61
paycheck calculator,adp idaho paycheck calculator,480,0,32
paycheck calculator,adp paycheck calculator georgia,480,0,53
paycheck calculator,how much tax is taken out of paycheck calculator,480,3.43,55
paycheck calculator,youtube paycheck calculator,480,0.57,41
paycheck calculator,smart paycheck calculator,480,0,60
paycheck calculator,adp paycheck calculator arizona,480,0,49
paycheck calculator,adp wisconsin paycheck calculator,480,0,37
paycheck calculator,smartasset ga paycheck calculator,390,0,58
paycheck calculator,paycheck calculator georgia hourly,390,2.08,27
paycheck calculator,hourly paycheck calculator michigan,390,6,23
paycheck calculator,paycheck calculator state,390,15.41,63
paycheck calculator,tax withholding paycheck calculator,390,6.06,64
paycheck calculator,taxes out of paycheck calculator,390,5.56,57
paycheck calculator,employee paycheck calculator,390,21.6,60
paycheck calculator,smartasset washington paycheck calculator,390,0,49
paycheck calculator,smartasset paycheck calculator nc,390,0,39
paycheck calculator,georgia adp paycheck calculator,390,0,52
paycheck calculator,tax taken out of paycheck calculator,390,2.205,10
paycheck calculator,adp iowa paycheck calculator,390,0,38
paycheck calculator,adp paycheck calculator colorado,390,21.66,40
paycheck calculator,florida adp paycheck calculator,390,0,44
paycheck calculator,new york state tax paycheck calculator,390,0,23
paycheck calculator,colorado tax paycheck calculator,390,6.51,25
paycheck calculator,adp gross paycheck calculator,390,0,6
paycheck calculator,paycheck calculator pa hourly,390,2.33,53
paycheck calculator,paycheck calculator with taxes taken out,320,4.86,78
paycheck calculator,paycheck calculator online free,320,11.63,55
paycheck calculator,paycheck calculator ny hourly,320,0,33
paycheck calculator,paycheck calculator hourly tn,320,0.91,25
